"project","linenumber","path","revision","issuecode","fixrevision"
"amqcpp","132","activemq-cpp/openwire-scripts/AmqCppGeneratorTask.java","536bfec3631feba4332caadb5fd1d679ca92ab3c","AMQCPP-3","649a0878996788994e4e5696f54c0d2991ea6842"
"amqcpp","133","activemq-cpp/openwire-scripts/AmqCppGeneratorTask.java","536bfec3631feba4332caadb5fd1d679ca92ab3c","AMQCPP-3","649a0878996788994e4e5696f54c0d2991ea6842"
"amqcpp","157","activemq-cpp/openwire-scripts/AmqCppTestMarshallingHeadersGenerator.java","649a0878996788994e4e5696f54c0d2991ea6842","AMQCPP-3","954f8017a59c8e10d8431c2da715fca5d6bab349"
"amqcpp","338","activemq-cpp/openwire-scripts/AmqCppMarshallingClassesGenerator.java","536bfec3631feba4332caadb5fd1d679ca92ab3c","AMQCPP-3","caa7821987c52abec4633dcb03c5f03c2924be5b"
"amqcpp","37","activemq-cpp/openwire-scripts/AmqCppGeneratorTask.java","536bfec3631feba4332caadb5fd1d679ca92ab3c","AMQCPP-3","649a0878996788994e4e5696f54c0d2991ea6842"
"amqcpp","87","activemq-cpp/openwire-scripts/AmqCppGeneratorTask.java","536bfec3631feba4332caadb5fd1d679ca92ab3c","AMQCPP-3","649a0878996788994e4e5696f54c0d2991ea6842"
"amqcpp","492","activemq-cpp/openwire-scripts/AmqCppMarshallingClassesGenerator.java","536bfec3631feba4332caadb5fd1d679ca92ab3c","AMQCPP-3","2d2d0da1c7a29527d16afb87bf21e3405ff8c87e"
"amqcpp","571","activemq-cpp/openwire-scripts/AmqCppMarshallingClassesGenerator.java","536bfec3631feba4332caadb5fd1d679ca92ab3c","AMQCPP-21","cad2fd8f759f7c95f63def71a79c2dccd7478951"
"amqcpp","571","activemq-cpp/openwire-scripts/AmqCppMarshallingClassesGenerator.java","536bfec3631feba4332caadb5fd1d679ca92ab3c","AMQCPP-2","cad2fd8f759f7c95f63def71a79c2dccd7478951"
"amqcpp","161","activemq-cpp/openwire-scripts/AmqCppHeadersGenerator.java","536bfec3631feba4332caadb5fd1d679ca92ab3c","AMQCPP-3","ea7fc21b2b827739976342933dd04c41754a1c85"
"amqcpp","162","activemq-cpp/openwire-scripts/AmqCppHeadersGenerator.java","536bfec3631feba4332caadb5fd1d679ca92ab3c","AMQCPP-3","ea7fc21b2b827739976342933dd04c41754a1c85"
"amqcpp","378","activemq-cpp/openwire-scripts/AmqCppClassesGenerator.java","536bfec3631feba4332caadb5fd1d679ca92ab3c","AMQCPP-3","0926962bd0e23d925aed98a92493d55d8d0c332d"
"amqcpp","456","activemq-cpp/openwire-scripts/AmqCppMarshallingClassesGenerator.java","536bfec3631feba4332caadb5fd1d679ca92ab3c","AMQCPP-3","11ecc22be0fc5194bc43cc9ddfe4a939ac965e6d"
"amqcpp","609","activemq-cpp/openwire-scripts/AmqCppMarshallingClassesGenerator.java","536bfec3631feba4332caadb5fd1d679ca92ab3c","AMQCPP-3","11ecc22be0fc5194bc43cc9ddfe4a939ac965e6d"
"amqcpp","100","activemq-cpp/openwire-scripts/AmqCppMarshallingHeadersGenerator.java","536bfec3631feba4332caadb5fd1d679ca92ab3c","AMQCPP-3","11ecc22be0fc5194bc43cc9ddfe4a939ac965e6d"
"amqcpp","101","activemq-cpp/openwire-scripts/AmqCppMarshallingHeadersGenerator.java","536bfec3631feba4332caadb5fd1d679ca92ab3c","AMQCPP-3","11ecc22be0fc5194bc43cc9ddfe4a939ac965e6d"
"amqcpp","229","activemq-cpp/openwire-scripts/AmqCppClassesGenerator.java","536bfec3631feba4332caadb5fd1d679ca92ab3c","AMQCPP-3","2d2d0da1c7a29527d16afb87bf21e3405ff8c87e"
"amqcpp","84","activemq-cpp/openwire-scripts/AmqCppHeadersGenerator.java","536bfec3631feba4332caadb5fd1d679ca92ab3c","AMQCPP-3","2d2d0da1c7a29527d16afb87bf21e3405ff8c87e"
"amqcpp","468","activemq-cpp/openwire-scripts/AmqCppMarshallingClassesGenerator.java","536bfec3631feba4332caadb5fd1d679ca92ab3c","AMQCPP-3","2d2d0da1c7a29527d16afb87bf21e3405ff8c87e"
"amqcpp","476","activemq-cpp/openwire-scripts/AmqCppMarshallingClassesGenerator.java","536bfec3631feba4332caadb5fd1d679ca92ab3c","AMQCPP-3","2d2d0da1c7a29527d16afb87bf21e3405ff8c87e"
"amqcpp","517","activemq-cpp/openwire-scripts/AmqCppMarshallingClassesGenerator.java","536bfec3631feba4332caadb5fd1d679ca92ab3c","AMQCPP-3","2d2d0da1c7a29527d16afb87bf21e3405ff8c87e"
"amqcpp","532","activemq-cpp/openwire-scripts/AmqCppMarshallingClassesGenerator.java","536bfec3631feba4332caadb5fd1d679ca92ab3c","AMQCPP-3","2d2d0da1c7a29527d16afb87bf21e3405ff8c87e"
"amqcpp","538","activemq-cpp/openwire-scripts/AmqCppMarshallingClassesGenerator.java","536bfec3631feba4332caadb5fd1d679ca92ab3c","AMQCPP-3","2d2d0da1c7a29527d16afb87bf21e3405ff8c87e"
"amqcpp","552","activemq-cpp/openwire-scripts/AmqCppMarshallingClassesGenerator.java","536bfec3631feba4332caadb5fd1d679ca92ab3c","AMQCPP-3","2d2d0da1c7a29527d16afb87bf21e3405ff8c87e"
"amqcpp","561","activemq-cpp/openwire-scripts/AmqCppMarshallingClassesGenerator.java","536bfec3631feba4332caadb5fd1d679ca92ab3c","AMQCPP-3","2d2d0da1c7a29527d16afb87bf21e3405ff8c87e"
"amqcpp","589","activemq-cpp/openwire-scripts/AmqCppMarshallingClassesGenerator.java","536bfec3631feba4332caadb5fd1d679ca92ab3c","AMQCPP-3","2d2d0da1c7a29527d16afb87bf21e3405ff8c87e"
"amqcpp","180","activemq-cpp/openwire-scripts/AmqCppMarshallingHeadersGenerator.java","536bfec3631feba4332caadb5fd1d679ca92ab3c","AMQCPP-3","2d2d0da1c7a29527d16afb87bf21e3405ff8c87e"
"amqcpp","181","activemq-cpp/openwire-scripts/AmqCppMarshallingHeadersGenerator.java","536bfec3631feba4332caadb5fd1d679ca92ab3c","AMQCPP-3","2d2d0da1c7a29527d16afb87bf21e3405ff8c87e"
"amqcpp","39","activemq-cpp/openwire-scripts/AmqCppHeadersGenerator.java","536bfec3631feba4332caadb5fd1d679ca92ab3c","AMQCPP-3","e69186a5d79339ba4059664db9971cc833329694"
"amqcpp","92","activemq-cpp/openwire-scripts/AmqCppHeadersGenerator.java","536bfec3631feba4332caadb5fd1d679ca92ab3c","AMQCPP-3","e69186a5d79339ba4059664db9971cc833329694"
"amqcpp","166","activemq-cpp/openwire-scripts/AmqCppHeadersGenerator.java","72b6fc7324d0b69f63a7546ff63728342754e2de","AMQCPP-3","e69186a5d79339ba4059664db9971cc833329694"
"amqcpp","167","activemq-cpp/openwire-scripts/AmqCppHeadersGenerator.java","72b6fc7324d0b69f63a7546ff63728342754e2de","AMQCPP-3","e69186a5d79339ba4059664db9971cc833329694"
"amqcpp","168","activemq-cpp/openwire-scripts/AmqCppHeadersGenerator.java","72b6fc7324d0b69f63a7546ff63728342754e2de","AMQCPP-3","e69186a5d79339ba4059664db9971cc833329694"
"amqcpp","169","activemq-cpp/openwire-scripts/AmqCppHeadersGenerator.java","536bfec3631feba4332caadb5fd1d679ca92ab3c","AMQCPP-3","e69186a5d79339ba4059664db9971cc833329694"
"amqcpp","463","activemq-cpp/openwire-scripts/AmqCppMarshallingClassesGenerator.java","536bfec3631feba4332caadb5fd1d679ca92ab3c","AMQCPP-3","e69186a5d79339ba4059664db9971cc833329694"
"amqcpp","377","activemq-cpp/openwire-scripts/AmqCppClassesGenerator.java","db6f580963aa57b8e0caeb8f4d8b416b9e58efb0","AMQCPP-3","b49111f484578b99f40f8497d093df8af89f6ea5"
"amqcpp","464","activemq-cpp/openwire-scripts/AmqCppMarshallingClassesGenerator.java","536bfec3631feba4332caadb5fd1d679ca92ab3c","AMQCPP-3","e69186a5d79339ba4059664db9971cc833329694"
"amqcpp","486","activemq-cpp/openwire-scripts/AmqCppMarshallingClassesGenerator.java","536bfec3631feba4332caadb5fd1d679ca92ab3c","AMQCPP-3","e69186a5d79339ba4059664db9971cc833329694"
"amqcpp","487","activemq-cpp/openwire-scripts/AmqCppMarshallingClassesGenerator.java","536bfec3631feba4332caadb5fd1d679ca92ab3c","AMQCPP-3","e69186a5d79339ba4059664db9971cc833329694"
"amqcpp","510","activemq-cpp/openwire-scripts/AmqCppMarshallingClassesGenerator.java","536bfec3631feba4332caadb5fd1d679ca92ab3c","AMQCPP-3","e69186a5d79339ba4059664db9971cc833329694"
"amqcpp","511","activemq-cpp/openwire-scripts/AmqCppMarshallingClassesGenerator.java","536bfec3631feba4332caadb5fd1d679ca92ab3c","AMQCPP-3","e69186a5d79339ba4059664db9971cc833329694"
"amqcpp","527","activemq-cpp/openwire-scripts/AmqCppMarshallingClassesGenerator.java","536bfec3631feba4332caadb5fd1d679ca92ab3c","AMQCPP-3","e69186a5d79339ba4059664db9971cc833329694"
"amqcpp","528","activemq-cpp/openwire-scripts/AmqCppMarshallingClassesGenerator.java","536bfec3631feba4332caadb5fd1d679ca92ab3c","AMQCPP-3","e69186a5d79339ba4059664db9971cc833329694"
"amqcpp","547","activemq-cpp/openwire-scripts/AmqCppMarshallingClassesGenerator.java","536bfec3631feba4332caadb5fd1d679ca92ab3c","AMQCPP-3","e69186a5d79339ba4059664db9971cc833329694"
"amqcpp","548","activemq-cpp/openwire-scripts/AmqCppMarshallingClassesGenerator.java","536bfec3631feba4332caadb5fd1d679ca92ab3c","AMQCPP-3","e69186a5d79339ba4059664db9971cc833329694"
"amqcpp","226","activemq-cpp/openwire-scripts/AmqCppMarshallingClassesGenerator.java","6d93d82d60cdb2560d65079b27c589c790178d43","AMQCPP-3","6d903bf7664c1e9563867337d4b774d8a6ed3a5b"
"amqcpp","230","activemq-cpp/openwire-scripts/AmqCppMarshallingClassesGenerator.java","72b6fc7324d0b69f63a7546ff63728342754e2de","AMQCPP-3","6d903bf7664c1e9563867337d4b774d8a6ed3a5b"
"amqcpp","231","activemq-cpp/openwire-scripts/AmqCppMarshallingClassesGenerator.java","6d93d82d60cdb2560d65079b27c589c790178d43","AMQCPP-3","6d903bf7664c1e9563867337d4b774d8a6ed3a5b"
"amqcpp","377","activemq-cpp/openwire-scripts/AmqCppMarshallingClassesGenerator.java","6d93d82d60cdb2560d65079b27c589c790178d43","AMQCPP-3","6d903bf7664c1e9563867337d4b774d8a6ed3a5b"
"amqcpp","382","activemq-cpp/openwire-scripts/AmqCppMarshallingClassesGenerator.java","72b6fc7324d0b69f63a7546ff63728342754e2de","AMQCPP-3","6d903bf7664c1e9563867337d4b774d8a6ed3a5b"
"amqcpp","383","activemq-cpp/openwire-scripts/AmqCppMarshallingClassesGenerator.java","6d93d82d60cdb2560d65079b27c589c790178d43","AMQCPP-3","6d903bf7664c1e9563867337d4b774d8a6ed3a5b"
"amqcpp","481","activemq-cpp/openwire-scripts/AmqCppMarshallingClassesGenerator.java","53dc098ea3b44b1b5e79671b424b9d09a5b7654b","AMQCPP-3","594a67f8da99debcc0c25599f258271bb2c939aa"
"amqcpp","51","activemq-cpp/openwire-scripts/AmqCppMarshallingClassesGenerator.java","594a67f8da99debcc0c25599f258271bb2c939aa","AMQCPP-3","b9a5d828155ff97943cd1b8f787623999fe4b73f"
"amqcpp","518","activemq-cpp/openwire-scripts/AmqCppMarshallingClassesGenerator.java","594a67f8da99debcc0c25599f258271bb2c939aa","AMQCPP-3","b9a5d828155ff97943cd1b8f787623999fe4b73f"
"amqcpp","509","activemq-cpp/openwire-scripts/AmqCppMarshallingClassesGenerator.java","536bfec3631feba4332caadb5fd1d679ca92ab3c","AMQCPP-3","b9a5d828155ff97943cd1b8f787623999fe4b73f"
"amqcpp","335","activemq-cpp/openwire-scripts/AmqCppClassesGenerator.java","72b6fc7324d0b69f63a7546ff63728342754e2de","AMQCPP-3","e7f3968a8b6a50c76a796f98c2c390fcab7cd400"
"amqcpp","336","activemq-cpp/openwire-scripts/AmqCppClassesGenerator.java","72b6fc7324d0b69f63a7546ff63728342754e2de","AMQCPP-3","e7f3968a8b6a50c76a796f98c2c390fcab7cd400"
"amqcpp","337","activemq-cpp/openwire-scripts/AmqCppClassesGenerator.java","72b6fc7324d0b69f63a7546ff63728342754e2de","AMQCPP-3","e7f3968a8b6a50c76a796f98c2c390fcab7cd400"
"amqcpp","343","activemq-cpp/openwire-scripts/AmqCppClassesGenerator.java","72b6fc7324d0b69f63a7546ff63728342754e2de","AMQCPP-3","e7f3968a8b6a50c76a796f98c2c390fcab7cd400"
"amqcpp","338","activemq-cpp/openwire-scripts/AmqCppClassesGenerator.java","90058b369c275cb33fff05c76f2b5229ddf10a7d","AMQCPP-3","e7f3968a8b6a50c76a796f98c2c390fcab7cd400"
"amqcpp","345","activemq-cpp/openwire-scripts/AmqCppClassesGenerator.java","72b6fc7324d0b69f63a7546ff63728342754e2de","AMQCPP-3","e7f3968a8b6a50c76a796f98c2c390fcab7cd400"
"amqcpp","38","activemq-cpp/openwire-scripts/AmqCppHeadersGenerator.java","536bfec3631feba4332caadb5fd1d679ca92ab3c","AMQCPP-3","1d76680b69c9b9cd880efcdf3c4a8e6f23f7540d"
"amqcpp","39","activemq-cpp/openwire-scripts/AmqCppHeadersGenerator.java","536bfec3631feba4332caadb5fd1d679ca92ab3c","AMQCPP-3","1d76680b69c9b9cd880efcdf3c4a8e6f23f7540d"
"amqcpp","118","activemq-cpp/openwire-scripts/AmqCppHeadersGenerator.java","536bfec3631feba4332caadb5fd1d679ca92ab3c","AMQCPP-3","1d76680b69c9b9cd880efcdf3c4a8e6f23f7540d"
"amqcpp","120","activemq-cpp/openwire-scripts/AmqCppHeadersGenerator.java","536bfec3631feba4332caadb5fd1d679ca92ab3c","AMQCPP-3","1d76680b69c9b9cd880efcdf3c4a8e6f23f7540d"
"amqcpp","122","activemq-cpp/openwire-scripts/AmqCppHeadersGenerator.java","536bfec3631feba4332caadb5fd1d679ca92ab3c","AMQCPP-3","1d76680b69c9b9cd880efcdf3c4a8e6f23f7540d"
"amqcpp","125","activemq-cpp/openwire-scripts/AmqCppHeadersGenerator.java","536bfec3631feba4332caadb5fd1d679ca92ab3c","AMQCPP-3","1d76680b69c9b9cd880efcdf3c4a8e6f23f7540d"
"amqcpp","127","activemq-cpp/openwire-scripts/AmqCppHeadersGenerator.java","536bfec3631feba4332caadb5fd1d679ca92ab3c","AMQCPP-3","1d76680b69c9b9cd880efcdf3c4a8e6f23f7540d"
"amqcpp","134","activemq-cpp/openwire-scripts/AmqCppHeadersGenerator.java","53dc098ea3b44b1b5e79671b424b9d09a5b7654b","AMQCPP-3","1d76680b69c9b9cd880efcdf3c4a8e6f23f7540d"
"amqcpp","141","activemq-cpp/openwire-scripts/AmqCppHeadersGenerator.java","90058b369c275cb33fff05c76f2b5229ddf10a7d","AMQCPP-3","1d76680b69c9b9cd880efcdf3c4a8e6f23f7540d"
"amqcpp","143","activemq-cpp/openwire-scripts/AmqCppHeadersGenerator.java","90058b369c275cb33fff05c76f2b5229ddf10a7d","AMQCPP-3","1d76680b69c9b9cd880efcdf3c4a8e6f23f7540d"
"amqcpp","162","activemq-cpp/openwire-scripts/AmqCppHeadersGenerator.java","536bfec3631feba4332caadb5fd1d679ca92ab3c","AMQCPP-3","1d76680b69c9b9cd880efcdf3c4a8e6f23f7540d"
"amqcpp","162","activemq-cpp/openwire-scripts/AmqCppMarshallingClassesGenerator.java","72b6fc7324d0b69f63a7546ff63728342754e2de","AMQCPP-3","1d76680b69c9b9cd880efcdf3c4a8e6f23f7540d"
"amqcpp","414","activemq-cpp/openwire-scripts/AmqCppMarshallingClassesGenerator.java","536bfec3631feba4332caadb5fd1d679ca92ab3c","AMQCPP-3","1d76680b69c9b9cd880efcdf3c4a8e6f23f7540d"
"amqcpp","415","activemq-cpp/openwire-scripts/AmqCppMarshallingClassesGenerator.java","536bfec3631feba4332caadb5fd1d679ca92ab3c","AMQCPP-3","1d76680b69c9b9cd880efcdf3c4a8e6f23f7540d"
"amqcpp","470","activemq-cpp/openwire-scripts/AmqCppMarshallingClassesGenerator.java","e69186a5d79339ba4059664db9971cc833329694","AMQCPP-3","1d76680b69c9b9cd880efcdf3c4a8e6f23f7540d"
"amqcpp","465","activemq-cpp/openwire-scripts/AmqCppMarshallingClassesGenerator.java","2d2d0da1c7a29527d16afb87bf21e3405ff8c87e","AMQCPP-3","1d76680b69c9b9cd880efcdf3c4a8e6f23f7540d"
"amqcpp","494","activemq-cpp/openwire-scripts/AmqCppMarshallingClassesGenerator.java","e69186a5d79339ba4059664db9971cc833329694","AMQCPP-3","1d76680b69c9b9cd880efcdf3c4a8e6f23f7540d"
"amqcpp","519","activemq-cpp/openwire-scripts/AmqCppMarshallingClassesGenerator.java","e69186a5d79339ba4059664db9971cc833329694","AMQCPP-3","1d76680b69c9b9cd880efcdf3c4a8e6f23f7540d"
"amqcpp","538","activemq-cpp/openwire-scripts/AmqCppMarshallingClassesGenerator.java","e69186a5d79339ba4059664db9971cc833329694","AMQCPP-3","1d76680b69c9b9cd880efcdf3c4a8e6f23f7540d"
"amqcpp","560","activemq-cpp/openwire-scripts/AmqCppMarshallingClassesGenerator.java","e69186a5d79339ba4059664db9971cc833329694","AMQCPP-3","1d76680b69c9b9cd880efcdf3c4a8e6f23f7540d"
"amqcpp","569","activemq-cpp/openwire-scripts/AmqCppMarshallingClassesGenerator.java","536bfec3631feba4332caadb5fd1d679ca92ab3c","AMQCPP-3","1d76680b69c9b9cd880efcdf3c4a8e6f23f7540d"
"amqcpp","34","activemq-cpp/openwire-scripts/AmqCppClassesGenerator.java","536bfec3631feba4332caadb5fd1d679ca92ab3c","AMQCPP-3","db6f580963aa57b8e0caeb8f4d8b416b9e58efb0"
"amqcpp","58","activemq-cpp/openwire-scripts/AmqCppClassesGenerator.java","e69186a5d79339ba4059664db9971cc833329694","AMQCPP-3","db6f580963aa57b8e0caeb8f4d8b416b9e58efb0"
"amqcpp","223","activemq-cpp/openwire-scripts/AmqCppMarshallingHeadersGenerator.java","536bfec3631feba4332caadb5fd1d679ca92ab3c","AMQCPP-3","ba21634d8f83e1d29be74feaaf82a2821676dfd5"
"amqcpp","63","activemq-cpp/openwire-scripts/AmqCppClassesGenerator.java","536bfec3631feba4332caadb5fd1d679ca92ab3c","AMQCPP-3","db6f580963aa57b8e0caeb8f4d8b416b9e58efb0"
"amqcpp","198","activemq-cpp/openwire-scripts/AmqCppClassesGenerator.java","536bfec3631feba4332caadb5fd1d679ca92ab3c","AMQCPP-3","db6f580963aa57b8e0caeb8f4d8b416b9e58efb0"
"amqcpp","217","activemq-cpp/openwire-scripts/AmqCppClassesGenerator.java","536bfec3631feba4332caadb5fd1d679ca92ab3c","AMQCPP-3","db6f580963aa57b8e0caeb8f4d8b416b9e58efb0"
"amqcpp","218","activemq-cpp/openwire-scripts/AmqCppClassesGenerator.java","536bfec3631feba4332caadb5fd1d679ca92ab3c","AMQCPP-3","db6f580963aa57b8e0caeb8f4d8b416b9e58efb0"
"amqcpp","241","activemq-cpp/openwire-scripts/AmqCppClassesGenerator.java","536bfec3631feba4332caadb5fd1d679ca92ab3c","AMQCPP-3","db6f580963aa57b8e0caeb8f4d8b416b9e58efb0"
"amqcpp","242","activemq-cpp/openwire-scripts/AmqCppClassesGenerator.java","536bfec3631feba4332caadb5fd1d679ca92ab3c","AMQCPP-3","db6f580963aa57b8e0caeb8f4d8b416b9e58efb0"
"amqcpp","243","activemq-cpp/openwire-scripts/AmqCppClassesGenerator.java","536bfec3631feba4332caadb5fd1d679ca92ab3c","AMQCPP-3","db6f580963aa57b8e0caeb8f4d8b416b9e58efb0"
"amqcpp","245","activemq-cpp/openwire-scripts/AmqCppClassesGenerator.java","536bfec3631feba4332caadb5fd1d679ca92ab3c","AMQCPP-3","db6f580963aa57b8e0caeb8f4d8b416b9e58efb0"
"amqcpp","246","activemq-cpp/openwire-scripts/AmqCppClassesGenerator.java","536bfec3631feba4332caadb5fd1d679ca92ab3c","AMQCPP-3","db6f580963aa57b8e0caeb8f4d8b416b9e58efb0"
"amqcpp","247","activemq-cpp/openwire-scripts/AmqCppClassesGenerator.java","536bfec3631feba4332caadb5fd1d679ca92ab3c","AMQCPP-3","db6f580963aa57b8e0caeb8f4d8b416b9e58efb0"
"amqcpp","366","activemq-cpp/openwire-scripts/AmqCppClassesGenerator.java","536bfec3631feba4332caadb5fd1d679ca92ab3c","AMQCPP-3","db6f580963aa57b8e0caeb8f4d8b416b9e58efb0"
"amqcpp","367","activemq-cpp/openwire-scripts/AmqCppClassesGenerator.java","536bfec3631feba4332caadb5fd1d679ca92ab3c","AMQCPP-3","db6f580963aa57b8e0caeb8f4d8b416b9e58efb0"
"amqcpp","368","activemq-cpp/openwire-scripts/AmqCppClassesGenerator.java","536bfec3631feba4332caadb5fd1d679ca92ab3c","AMQCPP-3","db6f580963aa57b8e0caeb8f4d8b416b9e58efb0"
"amqcpp","369","activemq-cpp/openwire-scripts/AmqCppClassesGenerator.java","536bfec3631feba4332caadb5fd1d679ca92ab3c","AMQCPP-3","db6f580963aa57b8e0caeb8f4d8b416b9e58efb0"
"amqcpp","403","activemq-cpp/openwire-scripts/AmqCppClassesGenerator.java","536bfec3631feba4332caadb5fd1d679ca92ab3c","AMQCPP-3","db6f580963aa57b8e0caeb8f4d8b416b9e58efb0"
"amqcpp","404","activemq-cpp/openwire-scripts/AmqCppClassesGenerator.java","536bfec3631feba4332caadb5fd1d679ca92ab3c","AMQCPP-3","db6f580963aa57b8e0caeb8f4d8b416b9e58efb0"
"amqcpp","407","activemq-cpp/openwire-scripts/AmqCppClassesGenerator.java","536bfec3631feba4332caadb5fd1d679ca92ab3c","AMQCPP-3","db6f580963aa57b8e0caeb8f4d8b416b9e58efb0"
"amqcpp","408","activemq-cpp/openwire-scripts/AmqCppClassesGenerator.java","536bfec3631feba4332caadb5fd1d679ca92ab3c","AMQCPP-3","db6f580963aa57b8e0caeb8f4d8b416b9e58efb0"
"amqcpp","356","activemq-cpp/openwire-scripts/AmqCppClassesGenerator.java","db6f580963aa57b8e0caeb8f4d8b416b9e58efb0","AMQCPP-3","98b5faa422c634d1e4213e6e8760bdea83ee8aa3"
"amqcpp","434","activemq-cpp/openwire-scripts/AmqCppClassesGenerator.java","b49111f484578b99f40f8497d093df8af89f6ea5","AMQCPP-3","98b5faa422c634d1e4213e6e8760bdea83ee8aa3"
"amqcpp","389","activemq-cpp/openwire-scripts/AmqCppClassesGenerator.java","b49111f484578b99f40f8497d093df8af89f6ea5","AMQCPP-3","4cf0f982891ce4def69ae32fe0c01b219df13ba3"
"amqcpp","397","activemq-cpp/openwire-scripts/AmqCppClassesGenerator.java","b49111f484578b99f40f8497d093df8af89f6ea5","AMQCPP-3","4cf0f982891ce4def69ae32fe0c01b219df13ba3"
"amqcpp","407","activemq-cpp/openwire-scripts/AmqCppClassesGenerator.java","b49111f484578b99f40f8497d093df8af89f6ea5","AMQCPP-3","4cf0f982891ce4def69ae32fe0c01b219df13ba3"
"amqcpp","408","activemq-cpp/openwire-scripts/AmqCppClassesGenerator.java","b49111f484578b99f40f8497d093df8af89f6ea5","AMQCPP-3","4cf0f982891ce4def69ae32fe0c01b219df13ba3"
"amqcpp","418","activemq-cpp/openwire-scripts/AmqCppClassesGenerator.java","b49111f484578b99f40f8497d093df8af89f6ea5","AMQCPP-3","4cf0f982891ce4def69ae32fe0c01b219df13ba3"
"amqcpp","424","activemq-cpp/openwire-scripts/AmqCppClassesGenerator.java","b49111f484578b99f40f8497d093df8af89f6ea5","AMQCPP-3","4cf0f982891ce4def69ae32fe0c01b219df13ba3"
"amqcpp","427","activemq-cpp/openwire-scripts/AmqCppClassesGenerator.java","b49111f484578b99f40f8497d093df8af89f6ea5","AMQCPP-3","4cf0f982891ce4def69ae32fe0c01b219df13ba3"
"amqcpp","213","activemq-cpp/openwire-scripts/AmqCppMarshallingClassesGenerator.java","536bfec3631feba4332caadb5fd1d679ca92ab3c","AMQCPP-3","b5559ad56d5ddbf379abe164a5ce4731158178b7"
"amqcpp","216","activemq-cpp/openwire-scripts/AmqCppMarshallingClassesGenerator.java","536bfec3631feba4332caadb5fd1d679ca92ab3c","AMQCPP-3","b5559ad56d5ddbf379abe164a5ce4731158178b7"
"amqcpp","239","activemq-cpp/openwire-scripts/AmqCppMarshallingClassesGenerator.java","6d903bf7664c1e9563867337d4b774d8a6ed3a5b","AMQCPP-3","b5559ad56d5ddbf379abe164a5ce4731158178b7"
"amqcpp","356","activemq-cpp/openwire-scripts/AmqCppMarshallingClassesGenerator.java","536bfec3631feba4332caadb5fd1d679ca92ab3c","AMQCPP-3","b5559ad56d5ddbf379abe164a5ce4731158178b7"
"amqcpp","365","activemq-cpp/openwire-scripts/AmqCppMarshallingClassesGenerator.java","536bfec3631feba4332caadb5fd1d679ca92ab3c","AMQCPP-3","b5559ad56d5ddbf379abe164a5ce4731158178b7"
"amqcpp","368","activemq-cpp/openwire-scripts/AmqCppMarshallingClassesGenerator.java","536bfec3631feba4332caadb5fd1d679ca92ab3c","AMQCPP-3","b5559ad56d5ddbf379abe164a5ce4731158178b7"
"amqcpp","391","activemq-cpp/openwire-scripts/AmqCppMarshallingClassesGenerator.java","6d903bf7664c1e9563867337d4b774d8a6ed3a5b","AMQCPP-3","b5559ad56d5ddbf379abe164a5ce4731158178b7"
"amqcpp","142","activemq-cpp/openwire-scripts/AmqCppClassesGenerator.java","2d2d0da1c7a29527d16afb87bf21e3405ff8c87e","AMQCPP-3","f8f89ef0037f241719f423864ea956b4085f33ef"
"amqcpp","84","activemq-cpp/openwire-scripts/AmqCppHeadersGenerator.java","2d2d0da1c7a29527d16afb87bf21e3405ff8c87e","AMQCPP-3","f8f89ef0037f241719f423864ea956b4085f33ef"
"amqcpp","29","activemq-cpp/openwire-scripts/AmqCppMarshallingHeadersGenerator.java","536bfec3631feba4332caadb5fd1d679ca92ab3c","AMQCPP-3","ba21634d8f83e1d29be74feaaf82a2821676dfd5"
"amqcpp","59","activemq-cpp/openwire-scripts/AmqCppMarshallingHeadersGenerator.java","6e3902e64ba66017bb3edd29e9e50e92e548fb15","AMQCPP-3","ba21634d8f83e1d29be74feaaf82a2821676dfd5"
"amqcpp","44","activemq-cpp/openwire-scripts/AmqCppMarshallingHeadersGenerator.java","536bfec3631feba4332caadb5fd1d679ca92ab3c","AMQCPP-3","ba21634d8f83e1d29be74feaaf82a2821676dfd5"
"amqcpp","63","activemq-cpp/openwire-scripts/AmqCppMarshallingHeadersGenerator.java","536bfec3631feba4332caadb5fd1d679ca92ab3c","AMQCPP-3","ba21634d8f83e1d29be74feaaf82a2821676dfd5"
"amqcpp","64","activemq-cpp/openwire-scripts/AmqCppMarshallingHeadersGenerator.java","536bfec3631feba4332caadb5fd1d679ca92ab3c","AMQCPP-3","ba21634d8f83e1d29be74feaaf82a2821676dfd5"
"amqcpp","115","activemq-cpp/openwire-scripts/AmqCppMarshallingHeadersGenerator.java","536bfec3631feba4332caadb5fd1d679ca92ab3c","AMQCPP-3","ba21634d8f83e1d29be74feaaf82a2821676dfd5"
"amqcpp","121","activemq-cpp/openwire-scripts/AmqCppMarshallingHeadersGenerator.java","536bfec3631feba4332caadb5fd1d679ca92ab3c","AMQCPP-3","ba21634d8f83e1d29be74feaaf82a2821676dfd5"
"amqcpp","122","activemq-cpp/openwire-scripts/AmqCppMarshallingHeadersGenerator.java","536bfec3631feba4332caadb5fd1d679ca92ab3c","AMQCPP-3","ba21634d8f83e1d29be74feaaf82a2821676dfd5"
"amqcpp","123","activemq-cpp/openwire-scripts/AmqCppMarshallingHeadersGenerator.java","536bfec3631feba4332caadb5fd1d679ca92ab3c","AMQCPP-3","ba21634d8f83e1d29be74feaaf82a2821676dfd5"
"amqcpp","124","activemq-cpp/openwire-scripts/AmqCppMarshallingHeadersGenerator.java","536bfec3631feba4332caadb5fd1d679ca92ab3c","AMQCPP-3","ba21634d8f83e1d29be74feaaf82a2821676dfd5"
"amqcpp","134","activemq-cpp/openwire-scripts/AmqCppMarshallingHeadersGenerator.java","536bfec3631feba4332caadb5fd1d679ca92ab3c","AMQCPP-3","ba21634d8f83e1d29be74feaaf82a2821676dfd5"
"amqcpp","135","activemq-cpp/openwire-scripts/AmqCppMarshallingHeadersGenerator.java","536bfec3631feba4332caadb5fd1d679ca92ab3c","AMQCPP-3","ba21634d8f83e1d29be74feaaf82a2821676dfd5"
"amqcpp","224","activemq-cpp/openwire-scripts/AmqCppMarshallingHeadersGenerator.java","536bfec3631feba4332caadb5fd1d679ca92ab3c","AMQCPP-3","ba21634d8f83e1d29be74feaaf82a2821676dfd5"
"amqcpp","145","activemq-cpp/openwire-scripts/AmqCppMarshallingHeadersGenerator.java","536bfec3631feba4332caadb5fd1d679ca92ab3c","AMQCPP-3","ba21634d8f83e1d29be74feaaf82a2821676dfd5"
"amqcpp","146","activemq-cpp/openwire-scripts/AmqCppMarshallingHeadersGenerator.java","536bfec3631feba4332caadb5fd1d679ca92ab3c","AMQCPP-3","ba21634d8f83e1d29be74feaaf82a2821676dfd5"
"amqcpp","147","activemq-cpp/openwire-scripts/AmqCppMarshallingHeadersGenerator.java","536bfec3631feba4332caadb5fd1d679ca92ab3c","AMQCPP-3","ba21634d8f83e1d29be74feaaf82a2821676dfd5"
"amqcpp","150","activemq-cpp/openwire-scripts/AmqCppMarshallingHeadersGenerator.java","536bfec3631feba4332caadb5fd1d679ca92ab3c","AMQCPP-3","ba21634d8f83e1d29be74feaaf82a2821676dfd5"
"amqcpp","155","activemq-cpp/openwire-scripts/AmqCppMarshallingHeadersGenerator.java","536bfec3631feba4332caadb5fd1d679ca92ab3c","AMQCPP-3","ba21634d8f83e1d29be74feaaf82a2821676dfd5"
"amqcpp","156","activemq-cpp/openwire-scripts/AmqCppMarshallingHeadersGenerator.java","536bfec3631feba4332caadb5fd1d679ca92ab3c","AMQCPP-3","ba21634d8f83e1d29be74feaaf82a2821676dfd5"
"amqcpp","157","activemq-cpp/openwire-scripts/AmqCppMarshallingHeadersGenerator.java","536bfec3631feba4332caadb5fd1d679ca92ab3c","AMQCPP-3","ba21634d8f83e1d29be74feaaf82a2821676dfd5"
"amqcpp","160","activemq-cpp/openwire-scripts/AmqCppMarshallingHeadersGenerator.java","536bfec3631feba4332caadb5fd1d679ca92ab3c","AMQCPP-3","ba21634d8f83e1d29be74feaaf82a2821676dfd5"
"amqcpp","166","activemq-cpp/openwire-scripts/AmqCppMarshallingHeadersGenerator.java","536bfec3631feba4332caadb5fd1d679ca92ab3c","AMQCPP-3","ba21634d8f83e1d29be74feaaf82a2821676dfd5"
"amqcpp","167","activemq-cpp/openwire-scripts/AmqCppMarshallingHeadersGenerator.java","536bfec3631feba4332caadb5fd1d679ca92ab3c","AMQCPP-3","ba21634d8f83e1d29be74feaaf82a2821676dfd5"
"amqcpp","169","activemq-cpp/openwire-scripts/AmqCppMarshallingHeadersGenerator.java","536bfec3631feba4332caadb5fd1d679ca92ab3c","AMQCPP-3","ba21634d8f83e1d29be74feaaf82a2821676dfd5"
"amqcpp","179","activemq-cpp/openwire-scripts/AmqCppMarshallingHeadersGenerator.java","536bfec3631feba4332caadb5fd1d679ca92ab3c","AMQCPP-3","ba21634d8f83e1d29be74feaaf82a2821676dfd5"
"amqcpp","196","activemq-cpp/openwire-scripts/AmqCppMarshallingHeadersGenerator.java","536bfec3631feba4332caadb5fd1d679ca92ab3c","AMQCPP-3","ba21634d8f83e1d29be74feaaf82a2821676dfd5"
"amqcpp","197","activemq-cpp/openwire-scripts/AmqCppMarshallingHeadersGenerator.java","536bfec3631feba4332caadb5fd1d679ca92ab3c","AMQCPP-3","ba21634d8f83e1d29be74feaaf82a2821676dfd5"
"amqcpp","219","activemq-cpp/openwire-scripts/AmqCppMarshallingHeadersGenerator.java","536bfec3631feba4332caadb5fd1d679ca92ab3c","AMQCPP-3","ba21634d8f83e1d29be74feaaf82a2821676dfd5"
"amqcpp","220","activemq-cpp/openwire-scripts/AmqCppMarshallingHeadersGenerator.java","536bfec3631feba4332caadb5fd1d679ca92ab3c","AMQCPP-3","ba21634d8f83e1d29be74feaaf82a2821676dfd5"
"amqcpp","53","activemq-cpp/openwire-scripts/AmqCppMarshallingClassesGenerator.java","536bfec3631feba4332caadb5fd1d679ca92ab3c","AMQCPP-3","caa7821987c52abec4633dcb03c5f03c2924be5b"
"amqcpp","56","activemq-cpp/openwire-scripts/AmqCppMarshallingClassesGenerator.java","536bfec3631feba4332caadb5fd1d679ca92ab3c","AMQCPP-3","caa7821987c52abec4633dcb03c5f03c2924be5b"
"amqcpp","59","activemq-cpp/openwire-scripts/AmqCppMarshallingClassesGenerator.java","536bfec3631feba4332caadb5fd1d679ca92ab3c","AMQCPP-3","caa7821987c52abec4633dcb03c5f03c2924be5b"
"amqcpp","62","activemq-cpp/openwire-scripts/AmqCppMarshallingClassesGenerator.java","536bfec3631feba4332caadb5fd1d679ca92ab3c","AMQCPP-3","caa7821987c52abec4633dcb03c5f03c2924be5b"
"amqcpp","65","activemq-cpp/openwire-scripts/AmqCppMarshallingClassesGenerator.java","536bfec3631feba4332caadb5fd1d679ca92ab3c","AMQCPP-3","caa7821987c52abec4633dcb03c5f03c2924be5b"
"amqcpp","69","activemq-cpp/openwire-scripts/AmqCppMarshallingClassesGenerator.java","6e3902e64ba66017bb3edd29e9e50e92e548fb15","AMQCPP-3","caa7821987c52abec4633dcb03c5f03c2924be5b"
"amqcpp","72","activemq-cpp/openwire-scripts/AmqCppMarshallingClassesGenerator.java","6e3902e64ba66017bb3edd29e9e50e92e548fb15","AMQCPP-3","caa7821987c52abec4633dcb03c5f03c2924be5b"
"amqcpp","75","activemq-cpp/openwire-scripts/AmqCppMarshallingClassesGenerator.java","536bfec3631feba4332caadb5fd1d679ca92ab3c","AMQCPP-3","caa7821987c52abec4633dcb03c5f03c2924be5b"
"amqcpp","78","activemq-cpp/openwire-scripts/AmqCppMarshallingClassesGenerator.java","536bfec3631feba4332caadb5fd1d679ca92ab3c","AMQCPP-3","caa7821987c52abec4633dcb03c5f03c2924be5b"
"amqcpp","83","activemq-cpp/openwire-scripts/AmqCppMarshallingClassesGenerator.java","6e3902e64ba66017bb3edd29e9e50e92e548fb15","AMQCPP-3","caa7821987c52abec4633dcb03c5f03c2924be5b"
"amqcpp","84","activemq-cpp/openwire-scripts/AmqCppMarshallingClassesGenerator.java","6e3902e64ba66017bb3edd29e9e50e92e548fb15","AMQCPP-3","caa7821987c52abec4633dcb03c5f03c2924be5b"
"amqcpp","87","activemq-cpp/openwire-scripts/AmqCppMarshallingClassesGenerator.java","6e3902e64ba66017bb3edd29e9e50e92e548fb15","AMQCPP-3","caa7821987c52abec4633dcb03c5f03c2924be5b"
"amqcpp","88","activemq-cpp/openwire-scripts/AmqCppMarshallingClassesGenerator.java","6e3902e64ba66017bb3edd29e9e50e92e548fb15","AMQCPP-3","caa7821987c52abec4633dcb03c5f03c2924be5b"
"amqcpp","91","activemq-cpp/openwire-scripts/AmqCppMarshallingClassesGenerator.java","6e3902e64ba66017bb3edd29e9e50e92e548fb15","AMQCPP-3","caa7821987c52abec4633dcb03c5f03c2924be5b"
"amqcpp","92","activemq-cpp/openwire-scripts/AmqCppMarshallingClassesGenerator.java","6e3902e64ba66017bb3edd29e9e50e92e548fb15","AMQCPP-3","caa7821987c52abec4633dcb03c5f03c2924be5b"
"amqcpp","101","activemq-cpp/openwire-scripts/AmqCppMarshallingClassesGenerator.java","536bfec3631feba4332caadb5fd1d679ca92ab3c","AMQCPP-3","caa7821987c52abec4633dcb03c5f03c2924be5b"
"amqcpp","102","activemq-cpp/openwire-scripts/AmqCppMarshallingClassesGenerator.java","536bfec3631feba4332caadb5fd1d679ca92ab3c","AMQCPP-3","caa7821987c52abec4633dcb03c5f03c2924be5b"
"amqcpp","103","activemq-cpp/openwire-scripts/AmqCppMarshallingClassesGenerator.java","536bfec3631feba4332caadb5fd1d679ca92ab3c","AMQCPP-3","caa7821987c52abec4633dcb03c5f03c2924be5b"
"amqcpp","106","activemq-cpp/openwire-scripts/AmqCppMarshallingClassesGenerator.java","6e3902e64ba66017bb3edd29e9e50e92e548fb15","AMQCPP-3","caa7821987c52abec4633dcb03c5f03c2924be5b"
"amqcpp","106","activemq-cpp/openwire-scripts/AmqCppMarshallingClassesGenerator.java","536bfec3631feba4332caadb5fd1d679ca92ab3c","AMQCPP-3","caa7821987c52abec4633dcb03c5f03c2924be5b"
"amqcpp","107","activemq-cpp/openwire-scripts/AmqCppMarshallingClassesGenerator.java","536bfec3631feba4332caadb5fd1d679ca92ab3c","AMQCPP-3","caa7821987c52abec4633dcb03c5f03c2924be5b"
"amqcpp","110","activemq-cpp/openwire-scripts/AmqCppMarshallingClassesGenerator.java","536bfec3631feba4332caadb5fd1d679ca92ab3c","AMQCPP-3","caa7821987c52abec4633dcb03c5f03c2924be5b"
"amqcpp","111","activemq-cpp/openwire-scripts/AmqCppMarshallingClassesGenerator.java","536bfec3631feba4332caadb5fd1d679ca92ab3c","AMQCPP-3","caa7821987c52abec4633dcb03c5f03c2924be5b"
"amqcpp","114","activemq-cpp/openwire-scripts/AmqCppMarshallingClassesGenerator.java","6e3902e64ba66017bb3edd29e9e50e92e548fb15","AMQCPP-3","caa7821987c52abec4633dcb03c5f03c2924be5b"
"amqcpp","113","activemq-cpp/openwire-scripts/AmqCppMarshallingClassesGenerator.java","536bfec3631feba4332caadb5fd1d679ca92ab3c","AMQCPP-3","caa7821987c52abec4633dcb03c5f03c2924be5b"
"amqcpp","116","activemq-cpp/openwire-scripts/AmqCppMarshallingClassesGenerator.java","6e3902e64ba66017bb3edd29e9e50e92e548fb15","AMQCPP-3","caa7821987c52abec4633dcb03c5f03c2924be5b"
"amqcpp","117","activemq-cpp/openwire-scripts/AmqCppMarshallingClassesGenerator.java","6e3902e64ba66017bb3edd29e9e50e92e548fb15","AMQCPP-3","caa7821987c52abec4633dcb03c5f03c2924be5b"
"amqcpp","118","activemq-cpp/openwire-scripts/AmqCppMarshallingClassesGenerator.java","536bfec3631feba4332caadb5fd1d679ca92ab3c","AMQCPP-3","caa7821987c52abec4633dcb03c5f03c2924be5b"
"amqcpp","119","activemq-cpp/openwire-scripts/AmqCppMarshallingClassesGenerator.java","536bfec3631feba4332caadb5fd1d679ca92ab3c","AMQCPP-3","caa7821987c52abec4633dcb03c5f03c2924be5b"
"amqcpp","121","activemq-cpp/openwire-scripts/AmqCppMarshallingClassesGenerator.java","6e3902e64ba66017bb3edd29e9e50e92e548fb15","AMQCPP-3","caa7821987c52abec4633dcb03c5f03c2924be5b"
"amqcpp","121","activemq-cpp/openwire-scripts/AmqCppMarshallingClassesGenerator.java","536bfec3631feba4332caadb5fd1d679ca92ab3c","AMQCPP-3","caa7821987c52abec4633dcb03c5f03c2924be5b"
"amqcpp","137","activemq-cpp/openwire-scripts/AmqCppMarshallingClassesGenerator.java","536bfec3631feba4332caadb5fd1d679ca92ab3c","AMQCPP-3","caa7821987c52abec4633dcb03c5f03c2924be5b"
"amqcpp","152","activemq-cpp/openwire-scripts/AmqCppMarshallingClassesGenerator.java","536bfec3631feba4332caadb5fd1d679ca92ab3c","AMQCPP-3","caa7821987c52abec4633dcb03c5f03c2924be5b"
"amqcpp","156","activemq-cpp/openwire-scripts/AmqCppMarshallingClassesGenerator.java","536bfec3631feba4332caadb5fd1d679ca92ab3c","AMQCPP-3","caa7821987c52abec4633dcb03c5f03c2924be5b"
"amqcpp","161","activemq-cpp/openwire-scripts/AmqCppMarshallingClassesGenerator.java","72b6fc7324d0b69f63a7546ff63728342754e2de","AMQCPP-3","caa7821987c52abec4633dcb03c5f03c2924be5b"
"amqcpp","230","activemq-cpp/openwire-scripts/AmqCppMarshallingClassesGenerator.java","1d76680b69c9b9cd880efcdf3c4a8e6f23f7540d","AMQCPP-3","caa7821987c52abec4633dcb03c5f03c2924be5b"
"amqcpp","169","activemq-cpp/openwire-scripts/AmqCppMarshallingClassesGenerator.java","536bfec3631feba4332caadb5fd1d679ca92ab3c","AMQCPP-3","caa7821987c52abec4633dcb03c5f03c2924be5b"
"amqcpp","172","activemq-cpp/openwire-scripts/AmqCppMarshallingClassesGenerator.java","536bfec3631feba4332caadb5fd1d679ca92ab3c","AMQCPP-3","caa7821987c52abec4633dcb03c5f03c2924be5b"
"amqcpp","176","activemq-cpp/openwire-scripts/AmqCppMarshallingClassesGenerator.java","536bfec3631feba4332caadb5fd1d679ca92ab3c","AMQCPP-3","caa7821987c52abec4633dcb03c5f03c2924be5b"
"amqcpp","181","activemq-cpp/openwire-scripts/AmqCppMarshallingClassesGenerator.java","6e3902e64ba66017bb3edd29e9e50e92e548fb15","AMQCPP-3","caa7821987c52abec4633dcb03c5f03c2924be5b"
"amqcpp","184","activemq-cpp/openwire-scripts/AmqCppMarshallingClassesGenerator.java","6e3902e64ba66017bb3edd29e9e50e92e548fb15","AMQCPP-3","caa7821987c52abec4633dcb03c5f03c2924be5b"
"amqcpp","204","activemq-cpp/openwire-scripts/AmqCppMarshallingClassesGenerator.java","536bfec3631feba4332caadb5fd1d679ca92ab3c","AMQCPP-3","caa7821987c52abec4633dcb03c5f03c2924be5b"
"amqcpp","207","activemq-cpp/openwire-scripts/AmqCppMarshallingClassesGenerator.java","536bfec3631feba4332caadb5fd1d679ca92ab3c","AMQCPP-3","caa7821987c52abec4633dcb03c5f03c2924be5b"
"amqcpp","128","activemq-cpp/openwire-scripts/AmqCppGeneratorTask.java","536bfec3631feba4332caadb5fd1d679ca92ab3c","AMQCPP-3","649a0878996788994e4e5696f54c0d2991ea6842"
"amqcpp","210","activemq-cpp/openwire-scripts/AmqCppMarshallingClassesGenerator.java","536bfec3631feba4332caadb5fd1d679ca92ab3c","AMQCPP-3","caa7821987c52abec4633dcb03c5f03c2924be5b"
"amqcpp","281","activemq-cpp/openwire-scripts/AmqCppMarshallingClassesGenerator.java","b5559ad56d5ddbf379abe164a5ce4731158178b7","AMQCPP-3","caa7821987c52abec4633dcb03c5f03c2924be5b"
"amqcpp","284","activemq-cpp/openwire-scripts/AmqCppMarshallingClassesGenerator.java","b5559ad56d5ddbf379abe164a5ce4731158178b7","AMQCPP-3","caa7821987c52abec4633dcb03c5f03c2924be5b"
"amqcpp","219","activemq-cpp/openwire-scripts/AmqCppMarshallingClassesGenerator.java","536bfec3631feba4332caadb5fd1d679ca92ab3c","AMQCPP-3","caa7821987c52abec4633dcb03c5f03c2924be5b"
"amqcpp","222","activemq-cpp/openwire-scripts/AmqCppMarshallingClassesGenerator.java","536bfec3631feba4332caadb5fd1d679ca92ab3c","AMQCPP-3","caa7821987c52abec4633dcb03c5f03c2924be5b"
"amqcpp","235","activemq-cpp/openwire-scripts/AmqCppMarshallingClassesGenerator.java","6d903bf7664c1e9563867337d4b774d8a6ed3a5b","AMQCPP-3","caa7821987c52abec4633dcb03c5f03c2924be5b"
"amqcpp","229","activemq-cpp/openwire-scripts/AmqCppMarshallingClassesGenerator.java","536bfec3631feba4332caadb5fd1d679ca92ab3c","AMQCPP-3","caa7821987c52abec4633dcb03c5f03c2924be5b"
"amqcpp","298","activemq-cpp/openwire-scripts/AmqCppMarshallingClassesGenerator.java","b5559ad56d5ddbf379abe164a5ce4731158178b7","AMQCPP-3","caa7821987c52abec4633dcb03c5f03c2924be5b"
"amqcpp","240","activemq-cpp/openwire-scripts/AmqCppMarshallingClassesGenerator.java","6d903bf7664c1e9563867337d4b774d8a6ed3a5b","AMQCPP-3","caa7821987c52abec4633dcb03c5f03c2924be5b"
"amqcpp","232","activemq-cpp/openwire-scripts/AmqCppMarshallingClassesGenerator.java","536bfec3631feba4332caadb5fd1d679ca92ab3c","AMQCPP-3","caa7821987c52abec4633dcb03c5f03c2924be5b"
"amqcpp","237","activemq-cpp/openwire-scripts/AmqCppMarshallingClassesGenerator.java","536bfec3631feba4332caadb5fd1d679ca92ab3c","AMQCPP-3","caa7821987c52abec4633dcb03c5f03c2924be5b"
"amqcpp","240","activemq-cpp/openwire-scripts/AmqCppMarshallingClassesGenerator.java","536bfec3631feba4332caadb5fd1d679ca92ab3c","AMQCPP-3","caa7821987c52abec4633dcb03c5f03c2924be5b"
"amqcpp","244","activemq-cpp/openwire-scripts/AmqCppMarshallingClassesGenerator.java","536bfec3631feba4332caadb5fd1d679ca92ab3c","AMQCPP-3","caa7821987c52abec4633dcb03c5f03c2924be5b"
"amqcpp","248","activemq-cpp/openwire-scripts/AmqCppMarshallingClassesGenerator.java","6e3902e64ba66017bb3edd29e9e50e92e548fb15","AMQCPP-3","caa7821987c52abec4633dcb03c5f03c2924be5b"
"amqcpp","251","activemq-cpp/openwire-scripts/AmqCppMarshallingClassesGenerator.java","6e3902e64ba66017bb3edd29e9e50e92e548fb15","AMQCPP-3","caa7821987c52abec4633dcb03c5f03c2924be5b"
"amqcpp","271","activemq-cpp/openwire-scripts/AmqCppMarshallingClassesGenerator.java","536bfec3631feba4332caadb5fd1d679ca92ab3c","AMQCPP-3","caa7821987c52abec4633dcb03c5f03c2924be5b"
"amqcpp","274","activemq-cpp/openwire-scripts/AmqCppMarshallingClassesGenerator.java","536bfec3631feba4332caadb5fd1d679ca92ab3c","AMQCPP-3","caa7821987c52abec4633dcb03c5f03c2924be5b"
"amqcpp","277","activemq-cpp/openwire-scripts/AmqCppMarshallingClassesGenerator.java","536bfec3631feba4332caadb5fd1d679ca92ab3c","AMQCPP-3","caa7821987c52abec4633dcb03c5f03c2924be5b"
"amqcpp","280","activemq-cpp/openwire-scripts/AmqCppMarshallingClassesGenerator.java","536bfec3631feba4332caadb5fd1d679ca92ab3c","AMQCPP-3","caa7821987c52abec4633dcb03c5f03c2924be5b"
"amqcpp","283","activemq-cpp/openwire-scripts/AmqCppMarshallingClassesGenerator.java","536bfec3631feba4332caadb5fd1d679ca92ab3c","AMQCPP-3","caa7821987c52abec4633dcb03c5f03c2924be5b"
"amqcpp","286","activemq-cpp/openwire-scripts/AmqCppMarshallingClassesGenerator.java","536bfec3631feba4332caadb5fd1d679ca92ab3c","AMQCPP-3","caa7821987c52abec4633dcb03c5f03c2924be5b"
"amqcpp","289","activemq-cpp/openwire-scripts/AmqCppMarshallingClassesGenerator.java","536bfec3631feba4332caadb5fd1d679ca92ab3c","AMQCPP-3","caa7821987c52abec4633dcb03c5f03c2924be5b"
"amqcpp","293","activemq-cpp/openwire-scripts/AmqCppMarshallingClassesGenerator.java","536bfec3631feba4332caadb5fd1d679ca92ab3c","AMQCPP-3","caa7821987c52abec4633dcb03c5f03c2924be5b"
"amqcpp","296","activemq-cpp/openwire-scripts/AmqCppMarshallingClassesGenerator.java","536bfec3631feba4332caadb5fd1d679ca92ab3c","AMQCPP-3","caa7821987c52abec4633dcb03c5f03c2924be5b"
"amqcpp","298","activemq-cpp/openwire-scripts/AmqCppMarshallingClassesGenerator.java","6e3902e64ba66017bb3edd29e9e50e92e548fb15","AMQCPP-3","caa7821987c52abec4633dcb03c5f03c2924be5b"
"amqcpp","299","activemq-cpp/openwire-scripts/AmqCppMarshallingClassesGenerator.java","6e3902e64ba66017bb3edd29e9e50e92e548fb15","AMQCPP-3","caa7821987c52abec4633dcb03c5f03c2924be5b"
"amqcpp","302","activemq-cpp/openwire-scripts/AmqCppMarshallingClassesGenerator.java","6e3902e64ba66017bb3edd29e9e50e92e548fb15","AMQCPP-3","caa7821987c52abec4633dcb03c5f03c2924be5b"
"amqcpp","304","activemq-cpp/openwire-scripts/AmqCppMarshallingClassesGenerator.java","536bfec3631feba4332caadb5fd1d679ca92ab3c","AMQCPP-3","caa7821987c52abec4633dcb03c5f03c2924be5b"
"amqcpp","129","activemq-cpp/openwire-scripts/AmqCppGeneratorTask.java","536bfec3631feba4332caadb5fd1d679ca92ab3c","AMQCPP-3","649a0878996788994e4e5696f54c0d2991ea6842"
"amqcpp","306","activemq-cpp/openwire-scripts/AmqCppMarshallingClassesGenerator.java","6e3902e64ba66017bb3edd29e9e50e92e548fb15","AMQCPP-3","caa7821987c52abec4633dcb03c5f03c2924be5b"
"amqcpp","308","activemq-cpp/openwire-scripts/AmqCppMarshallingClassesGenerator.java","536bfec3631feba4332caadb5fd1d679ca92ab3c","AMQCPP-3","caa7821987c52abec4633dcb03c5f03c2924be5b"
"amqcpp","320","activemq-cpp/openwire-scripts/AmqCppMarshallingClassesGenerator.java","536bfec3631feba4332caadb5fd1d679ca92ab3c","AMQCPP-3","caa7821987c52abec4633dcb03c5f03c2924be5b"
"amqcpp","321","activemq-cpp/openwire-scripts/AmqCppMarshallingClassesGenerator.java","536bfec3631feba4332caadb5fd1d679ca92ab3c","AMQCPP-3","caa7821987c52abec4633dcb03c5f03c2924be5b"
"amqcpp","322","activemq-cpp/openwire-scripts/AmqCppMarshallingClassesGenerator.java","536bfec3631feba4332caadb5fd1d679ca92ab3c","AMQCPP-3","caa7821987c52abec4633dcb03c5f03c2924be5b"
"amqcpp","323","activemq-cpp/openwire-scripts/AmqCppMarshallingClassesGenerator.java","536bfec3631feba4332caadb5fd1d679ca92ab3c","AMQCPP-3","caa7821987c52abec4633dcb03c5f03c2924be5b"
"amqcpp","325","activemq-cpp/openwire-scripts/AmqCppMarshallingClassesGenerator.java","536bfec3631feba4332caadb5fd1d679ca92ab3c","AMQCPP-3","caa7821987c52abec4633dcb03c5f03c2924be5b"
"amqcpp","326","activemq-cpp/openwire-scripts/AmqCppMarshallingClassesGenerator.java","536bfec3631feba4332caadb5fd1d679ca92ab3c","AMQCPP-3","caa7821987c52abec4633dcb03c5f03c2924be5b"
"amqcpp","329","activemq-cpp/openwire-scripts/AmqCppMarshallingClassesGenerator.java","536bfec3631feba4332caadb5fd1d679ca92ab3c","AMQCPP-3","caa7821987c52abec4633dcb03c5f03c2924be5b"
"amqcpp","330","activemq-cpp/openwire-scripts/AmqCppMarshallingClassesGenerator.java","536bfec3631feba4332caadb5fd1d679ca92ab3c","AMQCPP-3","caa7821987c52abec4633dcb03c5f03c2924be5b"
"amqcpp","331","activemq-cpp/openwire-scripts/AmqCppMarshallingClassesGenerator.java","6e3902e64ba66017bb3edd29e9e50e92e548fb15","AMQCPP-3","caa7821987c52abec4633dcb03c5f03c2924be5b"
"amqcpp","332","activemq-cpp/openwire-scripts/AmqCppMarshallingClassesGenerator.java","536bfec3631feba4332caadb5fd1d679ca92ab3c","AMQCPP-3","caa7821987c52abec4633dcb03c5f03c2924be5b"
"amqcpp","333","activemq-cpp/openwire-scripts/AmqCppMarshallingClassesGenerator.java","6e3902e64ba66017bb3edd29e9e50e92e548fb15","AMQCPP-3","caa7821987c52abec4633dcb03c5f03c2924be5b"
"amqcpp","334","activemq-cpp/openwire-scripts/AmqCppMarshallingClassesGenerator.java","6e3902e64ba66017bb3edd29e9e50e92e548fb15","AMQCPP-3","caa7821987c52abec4633dcb03c5f03c2924be5b"
"amqcpp","337","activemq-cpp/openwire-scripts/AmqCppMarshallingClassesGenerator.java","536bfec3631feba4332caadb5fd1d679ca92ab3c","AMQCPP-3","caa7821987c52abec4633dcb03c5f03c2924be5b"
"amqcpp","338","activemq-cpp/openwire-scripts/AmqCppMarshallingClassesGenerator.java","6e3902e64ba66017bb3edd29e9e50e92e548fb15","AMQCPP-3","caa7821987c52abec4633dcb03c5f03c2924be5b"
"amqcpp","340","activemq-cpp/openwire-scripts/AmqCppMarshallingClassesGenerator.java","536bfec3631feba4332caadb5fd1d679ca92ab3c","AMQCPP-3","caa7821987c52abec4633dcb03c5f03c2924be5b"
"amqcpp","423","activemq-cpp/openwire-scripts/AmqCppMarshallingClassesGenerator.java","b5559ad56d5ddbf379abe164a5ce4731158178b7","AMQCPP-3","caa7821987c52abec4633dcb03c5f03c2924be5b"
"amqcpp","359","activemq-cpp/openwire-scripts/AmqCppMarshallingClassesGenerator.java","536bfec3631feba4332caadb5fd1d679ca92ab3c","AMQCPP-3","caa7821987c52abec4633dcb03c5f03c2924be5b"
"amqcpp","362","activemq-cpp/openwire-scripts/AmqCppMarshallingClassesGenerator.java","536bfec3631feba4332caadb5fd1d679ca92ab3c","AMQCPP-3","caa7821987c52abec4633dcb03c5f03c2924be5b"
"amqcpp","432","activemq-cpp/openwire-scripts/AmqCppMarshallingClassesGenerator.java","b5559ad56d5ddbf379abe164a5ce4731158178b7","AMQCPP-3","caa7821987c52abec4633dcb03c5f03c2924be5b"
"amqcpp","435","activemq-cpp/openwire-scripts/AmqCppMarshallingClassesGenerator.java","b5559ad56d5ddbf379abe164a5ce4731158178b7","AMQCPP-3","caa7821987c52abec4633dcb03c5f03c2924be5b"
"amqcpp","371","activemq-cpp/openwire-scripts/AmqCppMarshallingClassesGenerator.java","536bfec3631feba4332caadb5fd1d679ca92ab3c","AMQCPP-3","caa7821987c52abec4633dcb03c5f03c2924be5b"
"amqcpp","374","activemq-cpp/openwire-scripts/AmqCppMarshallingClassesGenerator.java","536bfec3631feba4332caadb5fd1d679ca92ab3c","AMQCPP-3","caa7821987c52abec4633dcb03c5f03c2924be5b"
"amqcpp","386","activemq-cpp/openwire-scripts/AmqCppMarshallingClassesGenerator.java","6d903bf7664c1e9563867337d4b774d8a6ed3a5b","AMQCPP-3","caa7821987c52abec4633dcb03c5f03c2924be5b"
"amqcpp","380","activemq-cpp/openwire-scripts/AmqCppMarshallingClassesGenerator.java","72b6fc7324d0b69f63a7546ff63728342754e2de","AMQCPP-3","caa7821987c52abec4633dcb03c5f03c2924be5b"
"amqcpp","381","activemq-cpp/openwire-scripts/AmqCppMarshallingClassesGenerator.java","72b6fc7324d0b69f63a7546ff63728342754e2de","AMQCPP-3","caa7821987c52abec4633dcb03c5f03c2924be5b"
"amqcpp","450","activemq-cpp/openwire-scripts/AmqCppMarshallingClassesGenerator.java","b5559ad56d5ddbf379abe164a5ce4731158178b7","AMQCPP-3","caa7821987c52abec4633dcb03c5f03c2924be5b"
"amqcpp","392","activemq-cpp/openwire-scripts/AmqCppMarshallingClassesGenerator.java","6d903bf7664c1e9563867337d4b774d8a6ed3a5b","AMQCPP-3","caa7821987c52abec4633dcb03c5f03c2924be5b"
"amqcpp","385","activemq-cpp/openwire-scripts/AmqCppMarshallingClassesGenerator.java","536bfec3631feba4332caadb5fd1d679ca92ab3c","AMQCPP-3","caa7821987c52abec4633dcb03c5f03c2924be5b"
"amqcpp","390","activemq-cpp/openwire-scripts/AmqCppMarshallingClassesGenerator.java","536bfec3631feba4332caadb5fd1d679ca92ab3c","AMQCPP-3","caa7821987c52abec4633dcb03c5f03c2924be5b"
"amqcpp","393","activemq-cpp/openwire-scripts/AmqCppMarshallingClassesGenerator.java","536bfec3631feba4332caadb5fd1d679ca92ab3c","AMQCPP-3","caa7821987c52abec4633dcb03c5f03c2924be5b"
"amqcpp","397","activemq-cpp/openwire-scripts/AmqCppMarshallingClassesGenerator.java","536bfec3631feba4332caadb5fd1d679ca92ab3c","AMQCPP-3","caa7821987c52abec4633dcb03c5f03c2924be5b"
"amqcpp","400","activemq-cpp/openwire-scripts/AmqCppMarshallingClassesGenerator.java","6e3902e64ba66017bb3edd29e9e50e92e548fb15","AMQCPP-3","caa7821987c52abec4633dcb03c5f03c2924be5b"
"amqcpp","403","activemq-cpp/openwire-scripts/AmqCppMarshallingClassesGenerator.java","6e3902e64ba66017bb3edd29e9e50e92e548fb15","AMQCPP-3","caa7821987c52abec4633dcb03c5f03c2924be5b"
"amqcpp","456","activemq-cpp/openwire-scripts/AmqCppMarshallingClassesGenerator.java","536bfec3631feba4332caadb5fd1d679ca92ab3c","AMQCPP-3","caa7821987c52abec4633dcb03c5f03c2924be5b"
"amqcpp","470","activemq-cpp/openwire-scripts/AmqCppMarshallingClassesGenerator.java","e69186a5d79339ba4059664db9971cc833329694","AMQCPP-3","caa7821987c52abec4633dcb03c5f03c2924be5b"
"amqcpp","471","activemq-cpp/openwire-scripts/AmqCppMarshallingClassesGenerator.java","e69186a5d79339ba4059664db9971cc833329694","AMQCPP-3","caa7821987c52abec4633dcb03c5f03c2924be5b"
"amqcpp","465","activemq-cpp/openwire-scripts/AmqCppMarshallingClassesGenerator.java","2d2d0da1c7a29527d16afb87bf21e3405ff8c87e","AMQCPP-3","caa7821987c52abec4633dcb03c5f03c2924be5b"
"amqcpp","473","activemq-cpp/openwire-scripts/AmqCppMarshallingClassesGenerator.java","2d2d0da1c7a29527d16afb87bf21e3405ff8c87e","AMQCPP-3","caa7821987c52abec4633dcb03c5f03c2924be5b"
"amqcpp","494","activemq-cpp/openwire-scripts/AmqCppMarshallingClassesGenerator.java","e69186a5d79339ba4059664db9971cc833329694","AMQCPP-3","caa7821987c52abec4633dcb03c5f03c2924be5b"
"amqcpp","495","activemq-cpp/openwire-scripts/AmqCppMarshallingClassesGenerator.java","e69186a5d79339ba4059664db9971cc833329694","AMQCPP-3","caa7821987c52abec4633dcb03c5f03c2924be5b"
"amqcpp","489","activemq-cpp/openwire-scripts/AmqCppMarshallingClassesGenerator.java","2d2d0da1c7a29527d16afb87bf21e3405ff8c87e","AMQCPP-3","caa7821987c52abec4633dcb03c5f03c2924be5b"
"amqcpp","495","activemq-cpp/openwire-scripts/AmqCppMarshallingClassesGenerator.java","536bfec3631feba4332caadb5fd1d679ca92ab3c","AMQCPP-3","caa7821987c52abec4633dcb03c5f03c2924be5b"
"amqcpp","500","activemq-cpp/openwire-scripts/AmqCppMarshallingClassesGenerator.java","536bfec3631feba4332caadb5fd1d679ca92ab3c","AMQCPP-3","caa7821987c52abec4633dcb03c5f03c2924be5b"
"amqcpp","506","activemq-cpp/openwire-scripts/AmqCppMarshallingClassesGenerator.java","536bfec3631feba4332caadb5fd1d679ca92ab3c","AMQCPP-3","caa7821987c52abec4633dcb03c5f03c2924be5b"
"amqcpp","519","activemq-cpp/openwire-scripts/AmqCppMarshallingClassesGenerator.java","e69186a5d79339ba4059664db9971cc833329694","AMQCPP-3","caa7821987c52abec4633dcb03c5f03c2924be5b"
"amqcpp","520","activemq-cpp/openwire-scripts/AmqCppMarshallingClassesGenerator.java","e69186a5d79339ba4059664db9971cc833329694","AMQCPP-3","caa7821987c52abec4633dcb03c5f03c2924be5b"
"amqcpp","514","activemq-cpp/openwire-scripts/AmqCppMarshallingClassesGenerator.java","2d2d0da1c7a29527d16afb87bf21e3405ff8c87e","AMQCPP-3","caa7821987c52abec4633dcb03c5f03c2924be5b"
"amqcpp","524","activemq-cpp/openwire-scripts/AmqCppMarshallingClassesGenerator.java","536bfec3631feba4332caadb5fd1d679ca92ab3c","AMQCPP-3","caa7821987c52abec4633dcb03c5f03c2924be5b"
"amqcpp","538","activemq-cpp/openwire-scripts/AmqCppMarshallingClassesGenerator.java","e69186a5d79339ba4059664db9971cc833329694","AMQCPP-3","caa7821987c52abec4633dcb03c5f03c2924be5b"
"amqcpp","539","activemq-cpp/openwire-scripts/AmqCppMarshallingClassesGenerator.java","e69186a5d79339ba4059664db9971cc833329694","AMQCPP-3","caa7821987c52abec4633dcb03c5f03c2924be5b"
"amqcpp","530","activemq-cpp/openwire-scripts/AmqCppMarshallingClassesGenerator.java","2d2d0da1c7a29527d16afb87bf21e3405ff8c87e","AMQCPP-3","caa7821987c52abec4633dcb03c5f03c2924be5b"
"amqcpp","536","activemq-cpp/openwire-scripts/AmqCppMarshallingClassesGenerator.java","2d2d0da1c7a29527d16afb87bf21e3405ff8c87e","AMQCPP-3","caa7821987c52abec4633dcb03c5f03c2924be5b"
"amqcpp","560","activemq-cpp/openwire-scripts/AmqCppMarshallingClassesGenerator.java","e69186a5d79339ba4059664db9971cc833329694","AMQCPP-3","caa7821987c52abec4633dcb03c5f03c2924be5b"
"amqcpp","561","activemq-cpp/openwire-scripts/AmqCppMarshallingClassesGenerator.java","e69186a5d79339ba4059664db9971cc833329694","AMQCPP-3","caa7821987c52abec4633dcb03c5f03c2924be5b"
"amqcpp","551","activemq-cpp/openwire-scripts/AmqCppMarshallingClassesGenerator.java","2d2d0da1c7a29527d16afb87bf21e3405ff8c87e","AMQCPP-3","caa7821987c52abec4633dcb03c5f03c2924be5b"
"amqcpp","555","activemq-cpp/openwire-scripts/AmqCppMarshallingClassesGenerator.java","536bfec3631feba4332caadb5fd1d679ca92ab3c","AMQCPP-3","caa7821987c52abec4633dcb03c5f03c2924be5b"
"amqcpp","560","activemq-cpp/openwire-scripts/AmqCppMarshallingClassesGenerator.java","2d2d0da1c7a29527d16afb87bf21e3405ff8c87e","AMQCPP-3","caa7821987c52abec4633dcb03c5f03c2924be5b"
"amqcpp","35","activemq-cpp/openwire-scripts/AmqCppGeneratorTask.java","536bfec3631feba4332caadb5fd1d679ca92ab3c","AMQCPP-3","649a0878996788994e4e5696f54c0d2991ea6842"
"amqcpp","36","activemq-cpp/openwire-scripts/AmqCppGeneratorTask.java","536bfec3631feba4332caadb5fd1d679ca92ab3c","AMQCPP-3","649a0878996788994e4e5696f54c0d2991ea6842"
"amqcpp","43","activemq-cpp/openwire-scripts/AmqCppGeneratorTask.java","536bfec3631feba4332caadb5fd1d679ca92ab3c","AMQCPP-3","649a0878996788994e4e5696f54c0d2991ea6842"
"amqcpp","44","activemq-cpp/openwire-scripts/AmqCppGeneratorTask.java","536bfec3631feba4332caadb5fd1d679ca92ab3c","AMQCPP-3","649a0878996788994e4e5696f54c0d2991ea6842"
"amqcpp","46","activemq-cpp/openwire-scripts/AmqCppGeneratorTask.java","536bfec3631feba4332caadb5fd1d679ca92ab3c","AMQCPP-3","649a0878996788994e4e5696f54c0d2991ea6842"
"amqcpp","47","activemq-cpp/openwire-scripts/AmqCppGeneratorTask.java","536bfec3631feba4332caadb5fd1d679ca92ab3c","AMQCPP-3","649a0878996788994e4e5696f54c0d2991ea6842"
"amqcpp","51","activemq-cpp/openwire-scripts/AmqCppGeneratorTask.java","536bfec3631feba4332caadb5fd1d679ca92ab3c","AMQCPP-3","649a0878996788994e4e5696f54c0d2991ea6842"
"amqcpp","52","activemq-cpp/openwire-scripts/AmqCppGeneratorTask.java","536bfec3631feba4332caadb5fd1d679ca92ab3c","AMQCPP-3","649a0878996788994e4e5696f54c0d2991ea6842"
"amqcpp","56","activemq-cpp/openwire-scripts/AmqCppGeneratorTask.java","536bfec3631feba4332caadb5fd1d679ca92ab3c","AMQCPP-3","649a0878996788994e4e5696f54c0d2991ea6842"
"amqcpp","57","activemq-cpp/openwire-scripts/AmqCppGeneratorTask.java","536bfec3631feba4332caadb5fd1d679ca92ab3c","AMQCPP-3","649a0878996788994e4e5696f54c0d2991ea6842"
"amqcpp","61","activemq-cpp/openwire-scripts/AmqCppGeneratorTask.java","536bfec3631feba4332caadb5fd1d679ca92ab3c","AMQCPP-3","649a0878996788994e4e5696f54c0d2991ea6842"
"amqcpp","67","activemq-cpp/openwire-scripts/AmqCppGeneratorTask.java","536bfec3631feba4332caadb5fd1d679ca92ab3c","AMQCPP-3","649a0878996788994e4e5696f54c0d2991ea6842"
"amqcpp","72","activemq-cpp/openwire-scripts/AmqCppGeneratorTask.java","536bfec3631feba4332caadb5fd1d679ca92ab3c","AMQCPP-3","649a0878996788994e4e5696f54c0d2991ea6842"
"amqcpp","73","activemq-cpp/openwire-scripts/AmqCppGeneratorTask.java","536bfec3631feba4332caadb5fd1d679ca92ab3c","AMQCPP-3","649a0878996788994e4e5696f54c0d2991ea6842"
"amqcpp","78","activemq-cpp/openwire-scripts/AmqCppGeneratorTask.java","536bfec3631feba4332caadb5fd1d679ca92ab3c","AMQCPP-3","649a0878996788994e4e5696f54c0d2991ea6842"
"amqcpp","79","activemq-cpp/openwire-scripts/AmqCppGeneratorTask.java","536bfec3631feba4332caadb5fd1d679ca92ab3c","AMQCPP-3","649a0878996788994e4e5696f54c0d2991ea6842"
"amqcpp","80","activemq-cpp/openwire-scripts/AmqCppGeneratorTask.java","536bfec3631feba4332caadb5fd1d679ca92ab3c","AMQCPP-3","649a0878996788994e4e5696f54c0d2991ea6842"
"amqcpp","81","activemq-cpp/openwire-scripts/AmqCppGeneratorTask.java","536bfec3631feba4332caadb5fd1d679ca92ab3c","AMQCPP-3","649a0878996788994e4e5696f54c0d2991ea6842"
"amqcpp","82","activemq-cpp/openwire-scripts/AmqCppGeneratorTask.java","536bfec3631feba4332caadb5fd1d679ca92ab3c","AMQCPP-3","649a0878996788994e4e5696f54c0d2991ea6842"
"amqcpp","86","activemq-cpp/openwire-scripts/AmqCppGeneratorTask.java","536bfec3631feba4332caadb5fd1d679ca92ab3c","AMQCPP-3","649a0878996788994e4e5696f54c0d2991ea6842"
"amqcpp","88","activemq-cpp/openwire-scripts/AmqCppGeneratorTask.java","536bfec3631feba4332caadb5fd1d679ca92ab3c","AMQCPP-3","649a0878996788994e4e5696f54c0d2991ea6842"
"amqcpp","89","activemq-cpp/openwire-scripts/AmqCppGeneratorTask.java","536bfec3631feba4332caadb5fd1d679ca92ab3c","AMQCPP-3","649a0878996788994e4e5696f54c0d2991ea6842"
"amqcpp","93","activemq-cpp/openwire-scripts/AmqCppGeneratorTask.java","536bfec3631feba4332caadb5fd1d679ca92ab3c","AMQCPP-3","649a0878996788994e4e5696f54c0d2991ea6842"
"amqcpp","94","activemq-cpp/openwire-scripts/AmqCppGeneratorTask.java","536bfec3631feba4332caadb5fd1d679ca92ab3c","AMQCPP-3","649a0878996788994e4e5696f54c0d2991ea6842"
"amqcpp","95","activemq-cpp/openwire-scripts/AmqCppGeneratorTask.java","536bfec3631feba4332caadb5fd1d679ca92ab3c","AMQCPP-3","649a0878996788994e4e5696f54c0d2991ea6842"
"amqcpp","96","activemq-cpp/openwire-scripts/AmqCppGeneratorTask.java","536bfec3631feba4332caadb5fd1d679ca92ab3c","AMQCPP-3","649a0878996788994e4e5696f54c0d2991ea6842"
"amqcpp","100","activemq-cpp/openwire-scripts/AmqCppGeneratorTask.java","536bfec3631feba4332caadb5fd1d679ca92ab3c","AMQCPP-3","649a0878996788994e4e5696f54c0d2991ea6842"
"amqcpp","101","activemq-cpp/openwire-scripts/AmqCppGeneratorTask.java","536bfec3631feba4332caadb5fd1d679ca92ab3c","AMQCPP-3","649a0878996788994e4e5696f54c0d2991ea6842"
"amqcpp","102","activemq-cpp/openwire-scripts/AmqCppGeneratorTask.java","536bfec3631feba4332caadb5fd1d679ca92ab3c","AMQCPP-3","649a0878996788994e4e5696f54c0d2991ea6842"
"amqcpp","103","activemq-cpp/openwire-scripts/AmqCppGeneratorTask.java","536bfec3631feba4332caadb5fd1d679ca92ab3c","AMQCPP-3","649a0878996788994e4e5696f54c0d2991ea6842"
"amqcpp","108","activemq-cpp/openwire-scripts/AmqCppGeneratorTask.java","536bfec3631feba4332caadb5fd1d679ca92ab3c","AMQCPP-3","649a0878996788994e4e5696f54c0d2991ea6842"
"amqcpp","112","activemq-cpp/openwire-scripts/AmqCppGeneratorTask.java","536bfec3631feba4332caadb5fd1d679ca92ab3c","AMQCPP-3","649a0878996788994e4e5696f54c0d2991ea6842"
"amqcpp","113","activemq-cpp/openwire-scripts/AmqCppGeneratorTask.java","536bfec3631feba4332caadb5fd1d679ca92ab3c","AMQCPP-3","649a0878996788994e4e5696f54c0d2991ea6842"
"amqcpp","116","activemq-cpp/openwire-scripts/AmqCppGeneratorTask.java","536bfec3631feba4332caadb5fd1d679ca92ab3c","AMQCPP-3","649a0878996788994e4e5696f54c0d2991ea6842"
"amqcpp","117","activemq-cpp/openwire-scripts/AmqCppGeneratorTask.java","536bfec3631feba4332caadb5fd1d679ca92ab3c","AMQCPP-3","649a0878996788994e4e5696f54c0d2991ea6842"
"amqcpp","120","activemq-cpp/openwire-scripts/AmqCppGeneratorTask.java","536bfec3631feba4332caadb5fd1d679ca92ab3c","AMQCPP-3","649a0878996788994e4e5696f54c0d2991ea6842"
"amqcpp","121","activemq-cpp/openwire-scripts/AmqCppGeneratorTask.java","536bfec3631feba4332caadb5fd1d679ca92ab3c","AMQCPP-3","649a0878996788994e4e5696f54c0d2991ea6842"
"amqcpp","124","activemq-cpp/openwire-scripts/AmqCppGeneratorTask.java","536bfec3631feba4332caadb5fd1d679ca92ab3c","AMQCPP-3","649a0878996788994e4e5696f54c0d2991ea6842"
"amqcpp","125","activemq-cpp/openwire-scripts/AmqCppGeneratorTask.java","536bfec3631feba4332caadb5fd1d679ca92ab3c","AMQCPP-3","649a0878996788994e4e5696f54c0d2991ea6842"
"amqcpp","99","activemq-cpp/openwire-scripts/AmqCppGeneratorTask.java","536bfec3631feba4332caadb5fd1d679ca92ab3c","AMQCPP-3","d87f6cfd10f68066969be6731677d6d3c8db8220"
"amqcpp","101","activemq-cpp/openwire-scripts/AmqCppGeneratorTask.java","536bfec3631feba4332caadb5fd1d679ca92ab3c","AMQCPP-3","d87f6cfd10f68066969be6731677d6d3c8db8220"
"amqcpp","69","activemq-cpp/openwire-scripts/AmqCppTestMarshallingClassesGenerator.java","d87f6cfd10f68066969be6731677d6d3c8db8220","AMQCPP-3","8f6d7add688399db4235da4bad60b7b54237525f"
"amqcpp","45","activemq-cpp/openwire-scripts/AmqCppTestMarshallingHeadersGenerator.java","649a0878996788994e4e5696f54c0d2991ea6842","AMQCPP-3","8f6d7add688399db4235da4bad60b7b54237525f"
"amqcpp","46","activemq-cpp/openwire-scripts/AmqCppTestMarshallingHeadersGenerator.java","649a0878996788994e4e5696f54c0d2991ea6842","AMQCPP-3","8f6d7add688399db4235da4bad60b7b54237525f"
"amqcpp","48","activemq-cpp/openwire-scripts/AmqCppTestMarshallingHeadersGenerator.java","649a0878996788994e4e5696f54c0d2991ea6842","AMQCPP-3","8f6d7add688399db4235da4bad60b7b54237525f"
"amqcpp","49","activemq-cpp/openwire-scripts/AmqCppTestMarshallingHeadersGenerator.java","649a0878996788994e4e5696f54c0d2991ea6842","AMQCPP-3","8f6d7add688399db4235da4bad60b7b54237525f"
"amqcpp","50","activemq-cpp/openwire-scripts/AmqCppTestMarshallingHeadersGenerator.java","649a0878996788994e4e5696f54c0d2991ea6842","AMQCPP-3","8f6d7add688399db4235da4bad60b7b54237525f"
"amqcpp","51","activemq-cpp/openwire-scripts/AmqCppTestMarshallingHeadersGenerator.java","649a0878996788994e4e5696f54c0d2991ea6842","AMQCPP-3","8f6d7add688399db4235da4bad60b7b54237525f"
"amqcpp","52","activemq-cpp/openwire-scripts/AmqCppTestMarshallingHeadersGenerator.java","649a0878996788994e4e5696f54c0d2991ea6842","AMQCPP-3","8f6d7add688399db4235da4bad60b7b54237525f"
"amqcpp","53","activemq-cpp/openwire-scripts/AmqCppTestMarshallingHeadersGenerator.java","649a0878996788994e4e5696f54c0d2991ea6842","AMQCPP-3","8f6d7add688399db4235da4bad60b7b54237525f"
"amqcpp","54","activemq-cpp/openwire-scripts/AmqCppTestMarshallingHeadersGenerator.java","649a0878996788994e4e5696f54c0d2991ea6842","AMQCPP-3","8f6d7add688399db4235da4bad60b7b54237525f"
"amqcpp","55","activemq-cpp/openwire-scripts/AmqCppTestMarshallingHeadersGenerator.java","649a0878996788994e4e5696f54c0d2991ea6842","AMQCPP-3","8f6d7add688399db4235da4bad60b7b54237525f"
"amqcpp","56","activemq-cpp/openwire-scripts/AmqCppTestMarshallingHeadersGenerator.java","649a0878996788994e4e5696f54c0d2991ea6842","AMQCPP-3","8f6d7add688399db4235da4bad60b7b54237525f"
"amqcpp","57","activemq-cpp/openwire-scripts/AmqCppTestMarshallingHeadersGenerator.java","649a0878996788994e4e5696f54c0d2991ea6842","AMQCPP-3","8f6d7add688399db4235da4bad60b7b54237525f"
"amqcpp","61","activemq-cpp/openwire-scripts/AmqCppTestMarshallingHeadersGenerator.java","649a0878996788994e4e5696f54c0d2991ea6842","AMQCPP-3","8f6d7add688399db4235da4bad60b7b54237525f"
"amqcpp","62","activemq-cpp/openwire-scripts/AmqCppTestMarshallingHeadersGenerator.java","649a0878996788994e4e5696f54c0d2991ea6842","AMQCPP-3","8f6d7add688399db4235da4bad60b7b54237525f"
"amqcpp","65","activemq-cpp/openwire-scripts/AmqCppTestMarshallingHeadersGenerator.java","649a0878996788994e4e5696f54c0d2991ea6842","AMQCPP-3","8f6d7add688399db4235da4bad60b7b54237525f"
"amqcpp","68","activemq-cpp/openwire-scripts/AmqCppTestMarshallingHeadersGenerator.java","649a0878996788994e4e5696f54c0d2991ea6842","AMQCPP-3","8f6d7add688399db4235da4bad60b7b54237525f"
"amqcpp","70","activemq-cpp/openwire-scripts/AmqCppTestMarshallingHeadersGenerator.java","649a0878996788994e4e5696f54c0d2991ea6842","AMQCPP-3","8f6d7add688399db4235da4bad60b7b54237525f"
"amqcpp","72","activemq-cpp/openwire-scripts/AmqCppTestMarshallingHeadersGenerator.java","649a0878996788994e4e5696f54c0d2991ea6842","AMQCPP-3","8f6d7add688399db4235da4bad60b7b54237525f"
"amqcpp","73","activemq-cpp/openwire-scripts/AmqCppTestMarshallingHeadersGenerator.java","649a0878996788994e4e5696f54c0d2991ea6842","AMQCPP-3","8f6d7add688399db4235da4bad60b7b54237525f"
"amqcpp","74","activemq-cpp/openwire-scripts/AmqCppTestMarshallingHeadersGenerator.java","649a0878996788994e4e5696f54c0d2991ea6842","AMQCPP-3","8f6d7add688399db4235da4bad60b7b54237525f"
"amqcpp","75","activemq-cpp/openwire-scripts/AmqCppTestMarshallingHeadersGenerator.java","649a0878996788994e4e5696f54c0d2991ea6842","AMQCPP-3","8f6d7add688399db4235da4bad60b7b54237525f"
"amqcpp","76","activemq-cpp/openwire-scripts/AmqCppTestMarshallingHeadersGenerator.java","649a0878996788994e4e5696f54c0d2991ea6842","AMQCPP-3","8f6d7add688399db4235da4bad60b7b54237525f"
"amqcpp","77","activemq-cpp/openwire-scripts/AmqCppTestMarshallingHeadersGenerator.java","649a0878996788994e4e5696f54c0d2991ea6842","AMQCPP-3","8f6d7add688399db4235da4bad60b7b54237525f"
"amqcpp","78","activemq-cpp/openwire-scripts/AmqCppTestMarshallingHeadersGenerator.java","649a0878996788994e4e5696f54c0d2991ea6842","AMQCPP-3","8f6d7add688399db4235da4bad60b7b54237525f"
"amqcpp","79","activemq-cpp/openwire-scripts/AmqCppTestMarshallingHeadersGenerator.java","649a0878996788994e4e5696f54c0d2991ea6842","AMQCPP-3","8f6d7add688399db4235da4bad60b7b54237525f"
"amqcpp","80","activemq-cpp/openwire-scripts/AmqCppTestMarshallingHeadersGenerator.java","649a0878996788994e4e5696f54c0d2991ea6842","AMQCPP-3","8f6d7add688399db4235da4bad60b7b54237525f"
"amqcpp","81","activemq-cpp/openwire-scripts/AmqCppTestMarshallingHeadersGenerator.java","649a0878996788994e4e5696f54c0d2991ea6842","AMQCPP-3","8f6d7add688399db4235da4bad60b7b54237525f"
"amqcpp","82","activemq-cpp/openwire-scripts/AmqCppTestMarshallingHeadersGenerator.java","649a0878996788994e4e5696f54c0d2991ea6842","AMQCPP-3","8f6d7add688399db4235da4bad60b7b54237525f"
"amqcpp","83","activemq-cpp/openwire-scripts/AmqCppTestMarshallingHeadersGenerator.java","649a0878996788994e4e5696f54c0d2991ea6842","AMQCPP-3","8f6d7add688399db4235da4bad60b7b54237525f"
"amqcpp","156","activemq-cpp/openwire-scripts/AmqCppTestMarshallingHeadersGenerator.java","649a0878996788994e4e5696f54c0d2991ea6842","AMQCPP-3","954f8017a59c8e10d8431c2da715fca5d6bab349"
"amqcpp","169","activemq-cpp/openwire-scripts/AmqCppTestMarshallingHeadersGenerator.java","649a0878996788994e4e5696f54c0d2991ea6842","AMQCPP-3","954f8017a59c8e10d8431c2da715fca5d6bab349"
"amqcpp","170","activemq-cpp/openwire-scripts/AmqCppTestMarshallingHeadersGenerator.java","649a0878996788994e4e5696f54c0d2991ea6842","AMQCPP-3","954f8017a59c8e10d8431c2da715fca5d6bab349"
"amqcpp","171","activemq-cpp/openwire-scripts/AmqCppTestMarshallingHeadersGenerator.java","649a0878996788994e4e5696f54c0d2991ea6842","AMQCPP-3","954f8017a59c8e10d8431c2da715fca5d6bab349"
"amqcpp","172","activemq-cpp/openwire-scripts/AmqCppTestMarshallingHeadersGenerator.java","649a0878996788994e4e5696f54c0d2991ea6842","AMQCPP-3","954f8017a59c8e10d8431c2da715fca5d6bab349"
"amqcpp","173","activemq-cpp/openwire-scripts/AmqCppTestMarshallingHeadersGenerator.java","649a0878996788994e4e5696f54c0d2991ea6842","AMQCPP-3","954f8017a59c8e10d8431c2da715fca5d6bab349"
"amqcpp","174","activemq-cpp/openwire-scripts/AmqCppTestMarshallingHeadersGenerator.java","649a0878996788994e4e5696f54c0d2991ea6842","AMQCPP-3","954f8017a59c8e10d8431c2da715fca5d6bab349"
"amqcpp","175","activemq-cpp/openwire-scripts/AmqCppTestMarshallingHeadersGenerator.java","649a0878996788994e4e5696f54c0d2991ea6842","AMQCPP-3","954f8017a59c8e10d8431c2da715fca5d6bab349"
"amqcpp","192","activemq-cpp/openwire-scripts/AmqCppTestMarshallingHeadersGenerator.java","649a0878996788994e4e5696f54c0d2991ea6842","AMQCPP-3","954f8017a59c8e10d8431c2da715fca5d6bab349"
"amqcpp","193","activemq-cpp/openwire-scripts/AmqCppTestMarshallingHeadersGenerator.java","649a0878996788994e4e5696f54c0d2991ea6842","AMQCPP-3","954f8017a59c8e10d8431c2da715fca5d6bab349"
"amqcpp","45","src/main/java/org/apache/activemq/openwire/tool/AmqCppTestMarshallingClassesGenerator.java","dd444b93ad316aafd449789fa08cf5de25fa0ad0","AMQCPP-142","b67c7b054253042578f75048258be515daa64190"
"amqcpp","45","src/main/java/org/apache/activemq/openwire/tool/AmqCppTestMarshallingClassesGenerator.java","dd444b93ad316aafd449789fa08cf5de25fa0ad0","AMQCPP-14","b67c7b054253042578f75048258be515daa64190"
"amqcpp","45","src/main/java/org/apache/activemq/openwire/tool/AmqCppTestMarshallingClassesGenerator.java","dd444b93ad316aafd449789fa08cf5de25fa0ad0","AMQCPP-1","b67c7b054253042578f75048258be515daa64190"
"amqcpp","79","src/main/java/org/apache/activemq/openwire/tool/AmqCppTestMarshallingClassesGenerator.java","dd444b93ad316aafd449789fa08cf5de25fa0ad0","AMQCPP-142","b67c7b054253042578f75048258be515daa64190"
"amqcpp","79","src/main/java/org/apache/activemq/openwire/tool/AmqCppTestMarshallingClassesGenerator.java","dd444b93ad316aafd449789fa08cf5de25fa0ad0","AMQCPP-14","b67c7b054253042578f75048258be515daa64190"
"amqcpp","79","src/main/java/org/apache/activemq/openwire/tool/AmqCppTestMarshallingClassesGenerator.java","dd444b93ad316aafd449789fa08cf5de25fa0ad0","AMQCPP-1","b67c7b054253042578f75048258be515daa64190"
"amqcpp","84","src/main/java/org/apache/activemq/openwire/tool/AmqCppTestMarshallingClassesGenerator.java","dd444b93ad316aafd449789fa08cf5de25fa0ad0","AMQCPP-142","b67c7b054253042578f75048258be515daa64190"
"amqcpp","84","src/main/java/org/apache/activemq/openwire/tool/AmqCppTestMarshallingClassesGenerator.java","dd444b93ad316aafd449789fa08cf5de25fa0ad0","AMQCPP-14","b67c7b054253042578f75048258be515daa64190"
"amqcpp","84","src/main/java/org/apache/activemq/openwire/tool/AmqCppTestMarshallingClassesGenerator.java","dd444b93ad316aafd449789fa08cf5de25fa0ad0","AMQCPP-1","b67c7b054253042578f75048258be515daa64190"
"amqcpp","87","src/main/java/org/apache/activemq/openwire/tool/AmqCppTestMarshallingClassesGenerator.java","dd444b93ad316aafd449789fa08cf5de25fa0ad0","AMQCPP-142","b67c7b054253042578f75048258be515daa64190"
"amqcpp","87","src/main/java/org/apache/activemq/openwire/tool/AmqCppTestMarshallingClassesGenerator.java","dd444b93ad316aafd449789fa08cf5de25fa0ad0","AMQCPP-14","b67c7b054253042578f75048258be515daa64190"
"amqcpp","87","src/main/java/org/apache/activemq/openwire/tool/AmqCppTestMarshallingClassesGenerator.java","dd444b93ad316aafd449789fa08cf5de25fa0ad0","AMQCPP-1","b67c7b054253042578f75048258be515daa64190"
"amqcpp","36","src/main/java/org/apache/activemq/openwire/tool/AmqCppClassesGenerator.java","1e42eec15be58ad07788b8a7b3a863ff5de9c39f","AMQCPP-142","1394d143eb6a7ea5378a0133e9bf2e3e7cdac317"
"amqcpp","36","src/main/java/org/apache/activemq/openwire/tool/AmqCppClassesGenerator.java","1e42eec15be58ad07788b8a7b3a863ff5de9c39f","AMQCPP-14","1394d143eb6a7ea5378a0133e9bf2e3e7cdac317"
"amqcpp","36","src/main/java/org/apache/activemq/openwire/tool/AmqCppClassesGenerator.java","1e42eec15be58ad07788b8a7b3a863ff5de9c39f","AMQCPP-1","1394d143eb6a7ea5378a0133e9bf2e3e7cdac317"
"amqcpp","41","src/main/java/org/apache/activemq/openwire/tool/AmqCppClassesGenerator.java","1e42eec15be58ad07788b8a7b3a863ff5de9c39f","AMQCPP-142","1394d143eb6a7ea5378a0133e9bf2e3e7cdac317"
"amqcpp","41","src/main/java/org/apache/activemq/openwire/tool/AmqCppClassesGenerator.java","1e42eec15be58ad07788b8a7b3a863ff5de9c39f","AMQCPP-14","1394d143eb6a7ea5378a0133e9bf2e3e7cdac317"
"amqcpp","41","src/main/java/org/apache/activemq/openwire/tool/AmqCppClassesGenerator.java","1e42eec15be58ad07788b8a7b3a863ff5de9c39f","AMQCPP-1","1394d143eb6a7ea5378a0133e9bf2e3e7cdac317"
"amqcpp","44","src/main/java/org/apache/activemq/openwire/tool/AmqCppClassesGenerator.java","1e42eec15be58ad07788b8a7b3a863ff5de9c39f","AMQCPP-142","1394d143eb6a7ea5378a0133e9bf2e3e7cdac317"
"amqcpp","44","src/main/java/org/apache/activemq/openwire/tool/AmqCppClassesGenerator.java","1e42eec15be58ad07788b8a7b3a863ff5de9c39f","AMQCPP-14","1394d143eb6a7ea5378a0133e9bf2e3e7cdac317"
"amqcpp","44","src/main/java/org/apache/activemq/openwire/tool/AmqCppClassesGenerator.java","1e42eec15be58ad07788b8a7b3a863ff5de9c39f","AMQCPP-1","1394d143eb6a7ea5378a0133e9bf2e3e7cdac317"
"amqcpp","45","src/main/java/org/apache/activemq/openwire/tool/AmqCppClassesGenerator.java","1e42eec15be58ad07788b8a7b3a863ff5de9c39f","AMQCPP-142","1394d143eb6a7ea5378a0133e9bf2e3e7cdac317"
"amqcpp","45","src/main/java/org/apache/activemq/openwire/tool/AmqCppClassesGenerator.java","1e42eec15be58ad07788b8a7b3a863ff5de9c39f","AMQCPP-14","1394d143eb6a7ea5378a0133e9bf2e3e7cdac317"
"amqcpp","45","src/main/java/org/apache/activemq/openwire/tool/AmqCppClassesGenerator.java","1e42eec15be58ad07788b8a7b3a863ff5de9c39f","AMQCPP-1","1394d143eb6a7ea5378a0133e9bf2e3e7cdac317"
"amqcpp","78","src/main/java/org/apache/activemq/openwire/tool/AmqCppGeneratorTask.java","1e42eec15be58ad07788b8a7b3a863ff5de9c39f","AMQCPP-142","1394d143eb6a7ea5378a0133e9bf2e3e7cdac317"
"amqcpp","78","src/main/java/org/apache/activemq/openwire/tool/AmqCppGeneratorTask.java","1e42eec15be58ad07788b8a7b3a863ff5de9c39f","AMQCPP-14","1394d143eb6a7ea5378a0133e9bf2e3e7cdac317"
"amqcpp","78","src/main/java/org/apache/activemq/openwire/tool/AmqCppGeneratorTask.java","1e42eec15be58ad07788b8a7b3a863ff5de9c39f","AMQCPP-1","1394d143eb6a7ea5378a0133e9bf2e3e7cdac317"
"amqcpp","79","src/main/java/org/apache/activemq/openwire/tool/AmqCppGeneratorTask.java","1e42eec15be58ad07788b8a7b3a863ff5de9c39f","AMQCPP-142","1394d143eb6a7ea5378a0133e9bf2e3e7cdac317"
"amqcpp","79","src/main/java/org/apache/activemq/openwire/tool/AmqCppGeneratorTask.java","1e42eec15be58ad07788b8a7b3a863ff5de9c39f","AMQCPP-14","1394d143eb6a7ea5378a0133e9bf2e3e7cdac317"
"amqcpp","79","src/main/java/org/apache/activemq/openwire/tool/AmqCppGeneratorTask.java","1e42eec15be58ad07788b8a7b3a863ff5de9c39f","AMQCPP-1","1394d143eb6a7ea5378a0133e9bf2e3e7cdac317"
"amqcpp","80","src/main/java/org/apache/activemq/openwire/tool/AmqCppGeneratorTask.java","1e42eec15be58ad07788b8a7b3a863ff5de9c39f","AMQCPP-142","1394d143eb6a7ea5378a0133e9bf2e3e7cdac317"
"amqcpp","80","src/main/java/org/apache/activemq/openwire/tool/AmqCppGeneratorTask.java","1e42eec15be58ad07788b8a7b3a863ff5de9c39f","AMQCPP-14","1394d143eb6a7ea5378a0133e9bf2e3e7cdac317"
"amqcpp","80","src/main/java/org/apache/activemq/openwire/tool/AmqCppGeneratorTask.java","1e42eec15be58ad07788b8a7b3a863ff5de9c39f","AMQCPP-1","1394d143eb6a7ea5378a0133e9bf2e3e7cdac317"
"amqcpp","81","src/main/java/org/apache/activemq/openwire/tool/AmqCppGeneratorTask.java","1e42eec15be58ad07788b8a7b3a863ff5de9c39f","AMQCPP-142","1394d143eb6a7ea5378a0133e9bf2e3e7cdac317"
"amqcpp","81","src/main/java/org/apache/activemq/openwire/tool/AmqCppGeneratorTask.java","1e42eec15be58ad07788b8a7b3a863ff5de9c39f","AMQCPP-14","1394d143eb6a7ea5378a0133e9bf2e3e7cdac317"
"amqcpp","81","src/main/java/org/apache/activemq/openwire/tool/AmqCppGeneratorTask.java","1e42eec15be58ad07788b8a7b3a863ff5de9c39f","AMQCPP-1","1394d143eb6a7ea5378a0133e9bf2e3e7cdac317"
"amqcpp","82","src/main/java/org/apache/activemq/openwire/tool/AmqCppGeneratorTask.java","1e42eec15be58ad07788b8a7b3a863ff5de9c39f","AMQCPP-142","1394d143eb6a7ea5378a0133e9bf2e3e7cdac317"
"amqcpp","82","src/main/java/org/apache/activemq/openwire/tool/AmqCppGeneratorTask.java","1e42eec15be58ad07788b8a7b3a863ff5de9c39f","AMQCPP-14","1394d143eb6a7ea5378a0133e9bf2e3e7cdac317"
"amqcpp","82","src/main/java/org/apache/activemq/openwire/tool/AmqCppGeneratorTask.java","1e42eec15be58ad07788b8a7b3a863ff5de9c39f","AMQCPP-1","1394d143eb6a7ea5378a0133e9bf2e3e7cdac317"
"amqcpp","83","src/main/java/org/apache/activemq/openwire/tool/AmqCppGeneratorTask.java","1e42eec15be58ad07788b8a7b3a863ff5de9c39f","AMQCPP-142","1394d143eb6a7ea5378a0133e9bf2e3e7cdac317"
"amqcpp","83","src/main/java/org/apache/activemq/openwire/tool/AmqCppGeneratorTask.java","1e42eec15be58ad07788b8a7b3a863ff5de9c39f","AMQCPP-14","1394d143eb6a7ea5378a0133e9bf2e3e7cdac317"
"amqcpp","83","src/main/java/org/apache/activemq/openwire/tool/AmqCppGeneratorTask.java","1e42eec15be58ad07788b8a7b3a863ff5de9c39f","AMQCPP-1","1394d143eb6a7ea5378a0133e9bf2e3e7cdac317"
"amqcpp","91","src/main/java/org/apache/activemq/openwire/tool/AmqCppGeneratorTask.java","1e42eec15be58ad07788b8a7b3a863ff5de9c39f","AMQCPP-142","1394d143eb6a7ea5378a0133e9bf2e3e7cdac317"
"amqcpp","91","src/main/java/org/apache/activemq/openwire/tool/AmqCppGeneratorTask.java","1e42eec15be58ad07788b8a7b3a863ff5de9c39f","AMQCPP-14","1394d143eb6a7ea5378a0133e9bf2e3e7cdac317"
"amqcpp","91","src/main/java/org/apache/activemq/openwire/tool/AmqCppGeneratorTask.java","1e42eec15be58ad07788b8a7b3a863ff5de9c39f","AMQCPP-1","1394d143eb6a7ea5378a0133e9bf2e3e7cdac317"
"amqcpp","99","src/main/java/org/apache/activemq/openwire/tool/AmqCppGeneratorTask.java","1e42eec15be58ad07788b8a7b3a863ff5de9c39f","AMQCPP-142","1394d143eb6a7ea5378a0133e9bf2e3e7cdac317"
"amqcpp","99","src/main/java/org/apache/activemq/openwire/tool/AmqCppGeneratorTask.java","1e42eec15be58ad07788b8a7b3a863ff5de9c39f","AMQCPP-14","1394d143eb6a7ea5378a0133e9bf2e3e7cdac317"
"amqcpp","99","src/main/java/org/apache/activemq/openwire/tool/AmqCppGeneratorTask.java","1e42eec15be58ad07788b8a7b3a863ff5de9c39f","AMQCPP-1","1394d143eb6a7ea5378a0133e9bf2e3e7cdac317"
"amqcpp","107","src/main/java/org/apache/activemq/openwire/tool/AmqCppGeneratorTask.java","1e42eec15be58ad07788b8a7b3a863ff5de9c39f","AMQCPP-142","1394d143eb6a7ea5378a0133e9bf2e3e7cdac317"
"amqcpp","107","src/main/java/org/apache/activemq/openwire/tool/AmqCppGeneratorTask.java","1e42eec15be58ad07788b8a7b3a863ff5de9c39f","AMQCPP-14","1394d143eb6a7ea5378a0133e9bf2e3e7cdac317"
"amqcpp","107","src/main/java/org/apache/activemq/openwire/tool/AmqCppGeneratorTask.java","1e42eec15be58ad07788b8a7b3a863ff5de9c39f","AMQCPP-1","1394d143eb6a7ea5378a0133e9bf2e3e7cdac317"
"amqcpp","115","src/main/java/org/apache/activemq/openwire/tool/AmqCppGeneratorTask.java","1e42eec15be58ad07788b8a7b3a863ff5de9c39f","AMQCPP-142","1394d143eb6a7ea5378a0133e9bf2e3e7cdac317"
"amqcpp","115","src/main/java/org/apache/activemq/openwire/tool/AmqCppGeneratorTask.java","1e42eec15be58ad07788b8a7b3a863ff5de9c39f","AMQCPP-14","1394d143eb6a7ea5378a0133e9bf2e3e7cdac317"
"amqcpp","115","src/main/java/org/apache/activemq/openwire/tool/AmqCppGeneratorTask.java","1e42eec15be58ad07788b8a7b3a863ff5de9c39f","AMQCPP-1","1394d143eb6a7ea5378a0133e9bf2e3e7cdac317"
"amqcpp","33","src/main/java/org/apache/activemq/openwire/tool/AmqCppMakefileGenerator.java","4caee4a0cedaefef69b81ca00db7471e4fe48064","AMQCPP-142","1394d143eb6a7ea5378a0133e9bf2e3e7cdac317"
"amqcpp","33","src/main/java/org/apache/activemq/openwire/tool/AmqCppMakefileGenerator.java","4caee4a0cedaefef69b81ca00db7471e4fe48064","AMQCPP-14","1394d143eb6a7ea5378a0133e9bf2e3e7cdac317"
"amqcpp","33","src/main/java/org/apache/activemq/openwire/tool/AmqCppMakefileGenerator.java","4caee4a0cedaefef69b81ca00db7471e4fe48064","AMQCPP-1","1394d143eb6a7ea5378a0133e9bf2e3e7cdac317"
"amqcpp","37","src/main/java/org/apache/activemq/openwire/tool/AmqCppMakefileGenerator.java","4caee4a0cedaefef69b81ca00db7471e4fe48064","AMQCPP-142","1394d143eb6a7ea5378a0133e9bf2e3e7cdac317"
"amqcpp","37","src/main/java/org/apache/activemq/openwire/tool/AmqCppMakefileGenerator.java","4caee4a0cedaefef69b81ca00db7471e4fe48064","AMQCPP-14","1394d143eb6a7ea5378a0133e9bf2e3e7cdac317"
"amqcpp","37","src/main/java/org/apache/activemq/openwire/tool/AmqCppMakefileGenerator.java","4caee4a0cedaefef69b81ca00db7471e4fe48064","AMQCPP-1","1394d143eb6a7ea5378a0133e9bf2e3e7cdac317"
"amqcpp","38","src/main/java/org/apache/activemq/openwire/tool/AmqCppMakefileGenerator.java","4caee4a0cedaefef69b81ca00db7471e4fe48064","AMQCPP-142","1394d143eb6a7ea5378a0133e9bf2e3e7cdac317"
"amqcpp","38","src/main/java/org/apache/activemq/openwire/tool/AmqCppMakefileGenerator.java","4caee4a0cedaefef69b81ca00db7471e4fe48064","AMQCPP-14","1394d143eb6a7ea5378a0133e9bf2e3e7cdac317"
"amqcpp","38","src/main/java/org/apache/activemq/openwire/tool/AmqCppMakefileGenerator.java","4caee4a0cedaefef69b81ca00db7471e4fe48064","AMQCPP-1","1394d143eb6a7ea5378a0133e9bf2e3e7cdac317"
"amqcpp","40","src/main/java/org/apache/activemq/openwire/tool/AmqCppMakefileGenerator.java","4caee4a0cedaefef69b81ca00db7471e4fe48064","AMQCPP-142","1394d143eb6a7ea5378a0133e9bf2e3e7cdac317"
"amqcpp","40","src/main/java/org/apache/activemq/openwire/tool/AmqCppMakefileGenerator.java","4caee4a0cedaefef69b81ca00db7471e4fe48064","AMQCPP-14","1394d143eb6a7ea5378a0133e9bf2e3e7cdac317"
"amqcpp","40","src/main/java/org/apache/activemq/openwire/tool/AmqCppMakefileGenerator.java","4caee4a0cedaefef69b81ca00db7471e4fe48064","AMQCPP-1","1394d143eb6a7ea5378a0133e9bf2e3e7cdac317"
"amqcpp","41","src/main/java/org/apache/activemq/openwire/tool/AmqCppMakefileGenerator.java","4caee4a0cedaefef69b81ca00db7471e4fe48064","AMQCPP-142","1394d143eb6a7ea5378a0133e9bf2e3e7cdac317"
"amqcpp","41","src/main/java/org/apache/activemq/openwire/tool/AmqCppMakefileGenerator.java","4caee4a0cedaefef69b81ca00db7471e4fe48064","AMQCPP-14","1394d143eb6a7ea5378a0133e9bf2e3e7cdac317"
"amqcpp","41","src/main/java/org/apache/activemq/openwire/tool/AmqCppMakefileGenerator.java","4caee4a0cedaefef69b81ca00db7471e4fe48064","AMQCPP-1","1394d143eb6a7ea5378a0133e9bf2e3e7cdac317"
"amqcpp","42","src/main/java/org/apache/activemq/openwire/tool/AmqCppMakefileGenerator.java","4caee4a0cedaefef69b81ca00db7471e4fe48064","AMQCPP-142","1394d143eb6a7ea5378a0133e9bf2e3e7cdac317"
"amqcpp","42","src/main/java/org/apache/activemq/openwire/tool/AmqCppMakefileGenerator.java","4caee4a0cedaefef69b81ca00db7471e4fe48064","AMQCPP-14","1394d143eb6a7ea5378a0133e9bf2e3e7cdac317"
"amqcpp","42","src/main/java/org/apache/activemq/openwire/tool/AmqCppMakefileGenerator.java","4caee4a0cedaefef69b81ca00db7471e4fe48064","AMQCPP-1","1394d143eb6a7ea5378a0133e9bf2e3e7cdac317"
"amqcpp","55","src/main/java/org/apache/activemq/openwire/tool/AmqCppMakefileGenerator.java","4caee4a0cedaefef69b81ca00db7471e4fe48064","AMQCPP-142","1394d143eb6a7ea5378a0133e9bf2e3e7cdac317"
"amqcpp","55","src/main/java/org/apache/activemq/openwire/tool/AmqCppMakefileGenerator.java","4caee4a0cedaefef69b81ca00db7471e4fe48064","AMQCPP-14","1394d143eb6a7ea5378a0133e9bf2e3e7cdac317"
"amqcpp","55","src/main/java/org/apache/activemq/openwire/tool/AmqCppMakefileGenerator.java","4caee4a0cedaefef69b81ca00db7471e4fe48064","AMQCPP-1","1394d143eb6a7ea5378a0133e9bf2e3e7cdac317"
"amqcpp","65","src/main/java/org/apache/activemq/openwire/tool/AmqCppMakefileGenerator.java","4caee4a0cedaefef69b81ca00db7471e4fe48064","AMQCPP-142","1394d143eb6a7ea5378a0133e9bf2e3e7cdac317"
"amqcpp","65","src/main/java/org/apache/activemq/openwire/tool/AmqCppMakefileGenerator.java","4caee4a0cedaefef69b81ca00db7471e4fe48064","AMQCPP-14","1394d143eb6a7ea5378a0133e9bf2e3e7cdac317"
"amqcpp","65","src/main/java/org/apache/activemq/openwire/tool/AmqCppMakefileGenerator.java","4caee4a0cedaefef69b81ca00db7471e4fe48064","AMQCPP-1","1394d143eb6a7ea5378a0133e9bf2e3e7cdac317"
"amqcpp","66","src/main/java/org/apache/activemq/openwire/tool/AmqCppMakefileGenerator.java","4caee4a0cedaefef69b81ca00db7471e4fe48064","AMQCPP-142","1394d143eb6a7ea5378a0133e9bf2e3e7cdac317"
"amqcpp","66","src/main/java/org/apache/activemq/openwire/tool/AmqCppMakefileGenerator.java","4caee4a0cedaefef69b81ca00db7471e4fe48064","AMQCPP-14","1394d143eb6a7ea5378a0133e9bf2e3e7cdac317"
"amqcpp","66","src/main/java/org/apache/activemq/openwire/tool/AmqCppMakefileGenerator.java","4caee4a0cedaefef69b81ca00db7471e4fe48064","AMQCPP-1","1394d143eb6a7ea5378a0133e9bf2e3e7cdac317"
"amqcpp","121","src/main/java/org/apache/activemq/openwire/tool/AmqCppMakefileGenerator.java","4caee4a0cedaefef69b81ca00db7471e4fe48064","AMQCPP-142","1394d143eb6a7ea5378a0133e9bf2e3e7cdac317"
"amqcpp","121","src/main/java/org/apache/activemq/openwire/tool/AmqCppMakefileGenerator.java","4caee4a0cedaefef69b81ca00db7471e4fe48064","AMQCPP-14","1394d143eb6a7ea5378a0133e9bf2e3e7cdac317"
"amqcpp","121","src/main/java/org/apache/activemq/openwire/tool/AmqCppMakefileGenerator.java","4caee4a0cedaefef69b81ca00db7471e4fe48064","AMQCPP-1","1394d143eb6a7ea5378a0133e9bf2e3e7cdac317"
"amqcpp","125","src/main/java/org/apache/activemq/openwire/tool/AmqCppMakefileGenerator.java","4caee4a0cedaefef69b81ca00db7471e4fe48064","AMQCPP-142","1394d143eb6a7ea5378a0133e9bf2e3e7cdac317"
"amqcpp","125","src/main/java/org/apache/activemq/openwire/tool/AmqCppMakefileGenerator.java","4caee4a0cedaefef69b81ca00db7471e4fe48064","AMQCPP-14","1394d143eb6a7ea5378a0133e9bf2e3e7cdac317"
"amqcpp","125","src/main/java/org/apache/activemq/openwire/tool/AmqCppMakefileGenerator.java","4caee4a0cedaefef69b81ca00db7471e4fe48064","AMQCPP-1","1394d143eb6a7ea5378a0133e9bf2e3e7cdac317"
"amqcpp","129","src/main/java/org/apache/activemq/openwire/tool/AmqCppMakefileGenerator.java","4caee4a0cedaefef69b81ca00db7471e4fe48064","AMQCPP-142","1394d143eb6a7ea5378a0133e9bf2e3e7cdac317"
"amqcpp","129","src/main/java/org/apache/activemq/openwire/tool/AmqCppMakefileGenerator.java","4caee4a0cedaefef69b81ca00db7471e4fe48064","AMQCPP-14","1394d143eb6a7ea5378a0133e9bf2e3e7cdac317"
"amqcpp","129","src/main/java/org/apache/activemq/openwire/tool/AmqCppMakefileGenerator.java","4caee4a0cedaefef69b81ca00db7471e4fe48064","AMQCPP-1","1394d143eb6a7ea5378a0133e9bf2e3e7cdac317"
"amqcpp","133","src/main/java/org/apache/activemq/openwire/tool/AmqCppMakefileGenerator.java","4caee4a0cedaefef69b81ca00db7471e4fe48064","AMQCPP-142","1394d143eb6a7ea5378a0133e9bf2e3e7cdac317"
"amqcpp","133","src/main/java/org/apache/activemq/openwire/tool/AmqCppMakefileGenerator.java","4caee4a0cedaefef69b81ca00db7471e4fe48064","AMQCPP-14","1394d143eb6a7ea5378a0133e9bf2e3e7cdac317"
"amqcpp","133","src/main/java/org/apache/activemq/openwire/tool/AmqCppMakefileGenerator.java","4caee4a0cedaefef69b81ca00db7471e4fe48064","AMQCPP-1","1394d143eb6a7ea5378a0133e9bf2e3e7cdac317"
"amqcpp","139","src/main/java/org/apache/activemq/openwire/tool/AmqCppMakefileGenerator.java","4caee4a0cedaefef69b81ca00db7471e4fe48064","AMQCPP-142","1394d143eb6a7ea5378a0133e9bf2e3e7cdac317"
"amqcpp","139","src/main/java/org/apache/activemq/openwire/tool/AmqCppMakefileGenerator.java","4caee4a0cedaefef69b81ca00db7471e4fe48064","AMQCPP-14","1394d143eb6a7ea5378a0133e9bf2e3e7cdac317"
"amqcpp","139","src/main/java/org/apache/activemq/openwire/tool/AmqCppMakefileGenerator.java","4caee4a0cedaefef69b81ca00db7471e4fe48064","AMQCPP-1","1394d143eb6a7ea5378a0133e9bf2e3e7cdac317"
"amqcpp","140","src/main/java/org/apache/activemq/openwire/tool/AmqCppMakefileGenerator.java","4caee4a0cedaefef69b81ca00db7471e4fe48064","AMQCPP-142","1394d143eb6a7ea5378a0133e9bf2e3e7cdac317"
"amqcpp","140","src/main/java/org/apache/activemq/openwire/tool/AmqCppMakefileGenerator.java","4caee4a0cedaefef69b81ca00db7471e4fe48064","AMQCPP-14","1394d143eb6a7ea5378a0133e9bf2e3e7cdac317"
"amqcpp","140","src/main/java/org/apache/activemq/openwire/tool/AmqCppMakefileGenerator.java","4caee4a0cedaefef69b81ca00db7471e4fe48064","AMQCPP-1","1394d143eb6a7ea5378a0133e9bf2e3e7cdac317"
"amqcpp","143","src/main/java/org/apache/activemq/openwire/tool/AmqCppMakefileGenerator.java","4caee4a0cedaefef69b81ca00db7471e4fe48064","AMQCPP-142","1394d143eb6a7ea5378a0133e9bf2e3e7cdac317"
"amqcpp","143","src/main/java/org/apache/activemq/openwire/tool/AmqCppMakefileGenerator.java","4caee4a0cedaefef69b81ca00db7471e4fe48064","AMQCPP-14","1394d143eb6a7ea5378a0133e9bf2e3e7cdac317"
"amqcpp","143","src/main/java/org/apache/activemq/openwire/tool/AmqCppMakefileGenerator.java","4caee4a0cedaefef69b81ca00db7471e4fe48064","AMQCPP-1","1394d143eb6a7ea5378a0133e9bf2e3e7cdac317"
"amqcpp","144","src/main/java/org/apache/activemq/openwire/tool/AmqCppMakefileGenerator.java","4caee4a0cedaefef69b81ca00db7471e4fe48064","AMQCPP-142","1394d143eb6a7ea5378a0133e9bf2e3e7cdac317"
"amqcpp","144","src/main/java/org/apache/activemq/openwire/tool/AmqCppMakefileGenerator.java","4caee4a0cedaefef69b81ca00db7471e4fe48064","AMQCPP-14","1394d143eb6a7ea5378a0133e9bf2e3e7cdac317"
"amqcpp","144","src/main/java/org/apache/activemq/openwire/tool/AmqCppMakefileGenerator.java","4caee4a0cedaefef69b81ca00db7471e4fe48064","AMQCPP-1","1394d143eb6a7ea5378a0133e9bf2e3e7cdac317"
"amqcpp","147","src/main/java/org/apache/activemq/openwire/tool/AmqCppMakefileGenerator.java","4caee4a0cedaefef69b81ca00db7471e4fe48064","AMQCPP-142","1394d143eb6a7ea5378a0133e9bf2e3e7cdac317"
"amqcpp","147","src/main/java/org/apache/activemq/openwire/tool/AmqCppMakefileGenerator.java","4caee4a0cedaefef69b81ca00db7471e4fe48064","AMQCPP-14","1394d143eb6a7ea5378a0133e9bf2e3e7cdac317"
"amqcpp","147","src/main/java/org/apache/activemq/openwire/tool/AmqCppMakefileGenerator.java","4caee4a0cedaefef69b81ca00db7471e4fe48064","AMQCPP-1","1394d143eb6a7ea5378a0133e9bf2e3e7cdac317"
"amqcpp","148","src/main/java/org/apache/activemq/openwire/tool/AmqCppMakefileGenerator.java","4caee4a0cedaefef69b81ca00db7471e4fe48064","AMQCPP-142","1394d143eb6a7ea5378a0133e9bf2e3e7cdac317"
"amqcpp","148","src/main/java/org/apache/activemq/openwire/tool/AmqCppMakefileGenerator.java","4caee4a0cedaefef69b81ca00db7471e4fe48064","AMQCPP-14","1394d143eb6a7ea5378a0133e9bf2e3e7cdac317"
"amqcpp","148","src/main/java/org/apache/activemq/openwire/tool/AmqCppMakefileGenerator.java","4caee4a0cedaefef69b81ca00db7471e4fe48064","AMQCPP-1","1394d143eb6a7ea5378a0133e9bf2e3e7cdac317"
"amqcpp","33","src/main/java/org/apache/activemq/openwire/tool/AmqCppMarshallingHeadersGenerator.java","1e42eec15be58ad07788b8a7b3a863ff5de9c39f","AMQCPP-142","1394d143eb6a7ea5378a0133e9bf2e3e7cdac317"
"amqcpp","33","src/main/java/org/apache/activemq/openwire/tool/AmqCppMarshallingHeadersGenerator.java","1e42eec15be58ad07788b8a7b3a863ff5de9c39f","AMQCPP-14","1394d143eb6a7ea5378a0133e9bf2e3e7cdac317"
"amqcpp","33","src/main/java/org/apache/activemq/openwire/tool/AmqCppMarshallingHeadersGenerator.java","1e42eec15be58ad07788b8a7b3a863ff5de9c39f","AMQCPP-1","1394d143eb6a7ea5378a0133e9bf2e3e7cdac317"
"amqcpp","46","src/main/java/org/apache/activemq/openwire/tool/AmqCppMarshallingHeadersGenerator.java","1e42eec15be58ad07788b8a7b3a863ff5de9c39f","AMQCPP-142","1394d143eb6a7ea5378a0133e9bf2e3e7cdac317"
"amqcpp","46","src/main/java/org/apache/activemq/openwire/tool/AmqCppMarshallingHeadersGenerator.java","1e42eec15be58ad07788b8a7b3a863ff5de9c39f","AMQCPP-14","1394d143eb6a7ea5378a0133e9bf2e3e7cdac317"
"amqcpp","46","src/main/java/org/apache/activemq/openwire/tool/AmqCppMarshallingHeadersGenerator.java","1e42eec15be58ad07788b8a7b3a863ff5de9c39f","AMQCPP-1","1394d143eb6a7ea5378a0133e9bf2e3e7cdac317"
"amqcpp","49","src/main/java/org/apache/activemq/openwire/tool/AmqCppMarshallingHeadersGenerator.java","1e42eec15be58ad07788b8a7b3a863ff5de9c39f","AMQCPP-142","1394d143eb6a7ea5378a0133e9bf2e3e7cdac317"
"amqcpp","49","src/main/java/org/apache/activemq/openwire/tool/AmqCppMarshallingHeadersGenerator.java","1e42eec15be58ad07788b8a7b3a863ff5de9c39f","AMQCPP-14","1394d143eb6a7ea5378a0133e9bf2e3e7cdac317"
"amqcpp","49","src/main/java/org/apache/activemq/openwire/tool/AmqCppMarshallingHeadersGenerator.java","1e42eec15be58ad07788b8a7b3a863ff5de9c39f","AMQCPP-1","1394d143eb6a7ea5378a0133e9bf2e3e7cdac317"
"amqcpp","50","src/main/java/org/apache/activemq/openwire/tool/AmqCppMarshallingHeadersGenerator.java","1e42eec15be58ad07788b8a7b3a863ff5de9c39f","AMQCPP-142","1394d143eb6a7ea5378a0133e9bf2e3e7cdac317"
"amqcpp","50","src/main/java/org/apache/activemq/openwire/tool/AmqCppMarshallingHeadersGenerator.java","1e42eec15be58ad07788b8a7b3a863ff5de9c39f","AMQCPP-14","1394d143eb6a7ea5378a0133e9bf2e3e7cdac317"
"amqcpp","50","src/main/java/org/apache/activemq/openwire/tool/AmqCppMarshallingHeadersGenerator.java","1e42eec15be58ad07788b8a7b3a863ff5de9c39f","AMQCPP-1","1394d143eb6a7ea5378a0133e9bf2e3e7cdac317"
"amqcpp","33","src/main/java/org/apache/activemq/openwire/tool/AmqCppTestMarshallingHeadersGenerator.java","1e42eec15be58ad07788b8a7b3a863ff5de9c39f","AMQCPP-142","1394d143eb6a7ea5378a0133e9bf2e3e7cdac317"
"amqcpp","33","src/main/java/org/apache/activemq/openwire/tool/AmqCppTestMarshallingHeadersGenerator.java","1e42eec15be58ad07788b8a7b3a863ff5de9c39f","AMQCPP-14","1394d143eb6a7ea5378a0133e9bf2e3e7cdac317"
"amqcpp","33","src/main/java/org/apache/activemq/openwire/tool/AmqCppTestMarshallingHeadersGenerator.java","1e42eec15be58ad07788b8a7b3a863ff5de9c39f","AMQCPP-1","1394d143eb6a7ea5378a0133e9bf2e3e7cdac317"
"amqcpp","43","src/main/java/org/apache/activemq/openwire/tool/AmqCppTestMarshallingHeadersGenerator.java","1e42eec15be58ad07788b8a7b3a863ff5de9c39f","AMQCPP-142","1394d143eb6a7ea5378a0133e9bf2e3e7cdac317"
"amqcpp","43","src/main/java/org/apache/activemq/openwire/tool/AmqCppTestMarshallingHeadersGenerator.java","1e42eec15be58ad07788b8a7b3a863ff5de9c39f","AMQCPP-14","1394d143eb6a7ea5378a0133e9bf2e3e7cdac317"
"amqcpp","43","src/main/java/org/apache/activemq/openwire/tool/AmqCppTestMarshallingHeadersGenerator.java","1e42eec15be58ad07788b8a7b3a863ff5de9c39f","AMQCPP-1","1394d143eb6a7ea5378a0133e9bf2e3e7cdac317"
"amqcpp","55","src/main/java/org/apache/activemq/openwire/tool/AmqCppTestMarshallingHeadersGenerator.java","1e42eec15be58ad07788b8a7b3a863ff5de9c39f","AMQCPP-142","1394d143eb6a7ea5378a0133e9bf2e3e7cdac317"
"amqcpp","55","src/main/java/org/apache/activemq/openwire/tool/AmqCppTestMarshallingHeadersGenerator.java","1e42eec15be58ad07788b8a7b3a863ff5de9c39f","AMQCPP-14","1394d143eb6a7ea5378a0133e9bf2e3e7cdac317"
"amqcpp","55","src/main/java/org/apache/activemq/openwire/tool/AmqCppTestMarshallingHeadersGenerator.java","1e42eec15be58ad07788b8a7b3a863ff5de9c39f","AMQCPP-1","1394d143eb6a7ea5378a0133e9bf2e3e7cdac317"
"amqcpp","56","src/main/java/org/apache/activemq/openwire/tool/AmqCppTestMarshallingHeadersGenerator.java","1e42eec15be58ad07788b8a7b3a863ff5de9c39f","AMQCPP-142","1394d143eb6a7ea5378a0133e9bf2e3e7cdac317"
"amqcpp","56","src/main/java/org/apache/activemq/openwire/tool/AmqCppTestMarshallingHeadersGenerator.java","1e42eec15be58ad07788b8a7b3a863ff5de9c39f","AMQCPP-14","1394d143eb6a7ea5378a0133e9bf2e3e7cdac317"
"amqcpp","56","src/main/java/org/apache/activemq/openwire/tool/AmqCppTestMarshallingHeadersGenerator.java","1e42eec15be58ad07788b8a7b3a863ff5de9c39f","AMQCPP-1","1394d143eb6a7ea5378a0133e9bf2e3e7cdac317"
