revision,path
 4cbb7aacdb0914ebae84ac1df01b709fc5aec2bf,activemq-cpp-openwire-generator/src/main/java/org/apache/activemq/openwire/tool/commands/CommandHeaderGenerator.java
 4cbb7aacdb0914ebae84ac1df01b709fc5aec2bf,activemq-cpp-openwire-generator/src/main/java/org/apache/activemq/openwire/tool/commands/CommandSourceGenerator.java
 4cbb7aacdb0914ebae84ac1df01b709fc5aec2bf,activemq-cpp-openwire-generator/src/main/java/org/apache/activemq/openwire/tool/commands/LocalTransactionIdHeaderGenerator.java
 4cbb7aacdb0914ebae84ac1df01b709fc5aec2bf,activemq-cpp-openwire-generator/src/main/java/org/apache/activemq/openwire/tool/commands/XATransactionIdHeaderGenerator.java
 de951c7bf9cd35b9faf4bb8eeb9da88d737ee6a3,activemq-cpp-openwire-generator/src/main/java/org/apache/activemq/openwire/tool/commands/MessageAckHeaderGenerator.java
 de951c7bf9cd35b9faf4bb8eeb9da88d737ee6a3,activemq-cpp-openwire-generator/src/main/java/org/apache/activemq/openwire/tool/commands/MessageAckSourceGenerator.java
 cd031496b10f0b4e0647863850a3d9d577b2e07d,activemq-cpp-openwire-generator/src/main/java/org/apache/activemq/openwire/tool/commands/MessageIdHeaderGenerator.java
 cd031496b10f0b4e0647863850a3d9d577b2e07d,activemq-cpp-openwire-generator/src/main/java/org/apache/activemq/openwire/tool/commands/MessageIdSourceGenerator.java
 19735326ef15d7bb7f3b12e713942024e41365e0,activemq-cpp-openwire-generator/src/main/java/org/apache/activemq/openwire/tool/commands/XATransactionIdSourceGenerator.java
 54579da9916cc84d41566178f26e1bea6737177d,activemq-cpp-openwire-generator/src/main/java/org/apache/activemq/openwire/tool/commands/LocalTransactionIdSourceGenerator.java
 18636c41bd49ba5f8c0b84ee30673646ebd75f75,activemq-cpp-openwire-generator/src/main/java/org/apache/activemq/openwire/tool/commands/LocalTransactionIdSourceGenerator.java
 f24feef088cf5ce2941b976afcff4135214694d0,activemq-cpp-openwire-generator/src/main/java/org/apache/activemq/openwire/tool/commands/MessageIdSourceGenerator.java
 044a7606d5835d865bb5cb93170f77c8113db95c,activemq-cpp-openwire-generator/src/main/java/org/apache/activemq/openwire/tool/commands/MessageAckHeaderGenerator.java
 044a7606d5835d865bb5cb93170f77c8113db95c,activemq-cpp-openwire-generator/src/main/java/org/apache/activemq/openwire/tool/commands/MessageAckSourceGenerator.java
 044a7606d5835d865bb5cb93170f77c8113db95c,activemq-cpp-openwire-generator/src/main/java/org/apache/activemq/openwire/tool/commands/MessageDispatchHeaderGenerator.java
 044a7606d5835d865bb5cb93170f77c8113db95c,activemq-cpp-openwire-generator/src/main/java/org/apache/activemq/openwire/tool/commands/MessageDispatchSourceGenerator.java
 044a7606d5835d865bb5cb93170f77c8113db95c,activemq-cpp-openwire-generator/src/main/java/org/apache/activemq/openwire/tool/commands/MessageIdSourceGenerator.java
 774d9941acb28d38a7639c51fb0f42eef459ce2b,activemq-cpp-openwire-generator/src/main/java/org/apache/activemq/openwire/tool/commands/CommandCodeGenerator.java
 774d9941acb28d38a7639c51fb0f42eef459ce2b,activemq-cpp-openwire-generator/src/main/java/org/apache/activemq/openwire/tool/commands/CommandCodeGeneratorsFactory.java
 774d9941acb28d38a7639c51fb0f42eef459ce2b,activemq-cpp-openwire-generator/src/main/java/org/apache/activemq/openwire/tool/commands/CommandHeaderGenerator.java
 774d9941acb28d38a7639c51fb0f42eef459ce2b,activemq-cpp-openwire-generator/src/main/java/org/apache/activemq/openwire/tool/commands/CommandSourceGenerator.java
 774d9941acb28d38a7639c51fb0f42eef459ce2b,activemq-cpp-openwire-generator/src/main/java/org/apache/activemq/openwire/tool/commands/ConnectionIdHeaderGenerator.java
 774d9941acb28d38a7639c51fb0f42eef459ce2b,activemq-cpp-openwire-generator/src/main/java/org/apache/activemq/openwire/tool/commands/ConnectionIdSourceGenerator.java
 774d9941acb28d38a7639c51fb0f42eef459ce2b,activemq-cpp-openwire-generator/src/main/java/org/apache/activemq/openwire/tool/commands/ConnectionInfoSourceGenerator.java
 774d9941acb28d38a7639c51fb0f42eef459ce2b,activemq-cpp-openwire-generator/src/main/java/org/apache/activemq/openwire/tool/commands/ConsumerIdHeaderGenerator.java
 774d9941acb28d38a7639c51fb0f42eef459ce2b,activemq-cpp-openwire-generator/src/main/java/org/apache/activemq/openwire/tool/commands/ConsumerIdSourceGenerator.java
 774d9941acb28d38a7639c51fb0f42eef459ce2b,activemq-cpp-openwire-generator/src/main/java/org/apache/activemq/openwire/tool/commands/ConsumerInfoSourceGenerator.java
 774d9941acb28d38a7639c51fb0f42eef459ce2b,activemq-cpp-openwire-generator/src/main/java/org/apache/activemq/openwire/tool/commands/MessageHeaderGenerator.java
 774d9941acb28d38a7639c51fb0f42eef459ce2b,activemq-cpp-openwire-generator/src/main/java/org/apache/activemq/openwire/tool/commands/MessageIdHeaderGenerator.java
 774d9941acb28d38a7639c51fb0f42eef459ce2b,activemq-cpp-openwire-generator/src/main/java/org/apache/activemq/openwire/tool/commands/MessageIdSourceGenerator.java
 774d9941acb28d38a7639c51fb0f42eef459ce2b,activemq-cpp-openwire-generator/src/main/java/org/apache/activemq/openwire/tool/commands/MessageSourceGenerator.java
 774d9941acb28d38a7639c51fb0f42eef459ce2b,activemq-cpp-openwire-generator/src/main/java/org/apache/activemq/openwire/tool/commands/ProducerIdHeaderGenerator.java
 774d9941acb28d38a7639c51fb0f42eef459ce2b,activemq-cpp-openwire-generator/src/main/java/org/apache/activemq/openwire/tool/commands/ProducerIdSourceGenerator.java
 774d9941acb28d38a7639c51fb0f42eef459ce2b,activemq-cpp-openwire-generator/src/main/java/org/apache/activemq/openwire/tool/commands/ProducerInfoSourceGenerator.java
 774d9941acb28d38a7639c51fb0f42eef459ce2b,activemq-cpp-openwire-generator/src/main/java/org/apache/activemq/openwire/tool/commands/SessionIdHeaderGenerator.java
 774d9941acb28d38a7639c51fb0f42eef459ce2b,activemq-cpp-openwire-generator/src/main/java/org/apache/activemq/openwire/tool/commands/SessionIdSourceGenerator.java
 774d9941acb28d38a7639c51fb0f42eef459ce2b,activemq-cpp-openwire-generator/src/main/java/org/apache/activemq/openwire/tool/commands/SessionInfoHeaderGenerator.java
 774d9941acb28d38a7639c51fb0f42eef459ce2b,activemq-cpp-openwire-generator/src/main/java/org/apache/activemq/openwire/tool/commands/SessionInfoSourceGenerator.java
 774d9941acb28d38a7639c51fb0f42eef459ce2b,activemq-cpp-openwire-generator/src/main/java/org/apache/activemq/openwire/tool/commands/XATransactionIdHeaderGenerator.java
 774d9941acb28d38a7639c51fb0f42eef459ce2b,activemq-cpp-openwire-generator/src/main/java/org/apache/activemq/openwire/tool/commands/XATransactionIdSourceGenerator.java
 774d9941acb28d38a7639c51fb0f42eef459ce2b,activemq-cpp-openwire-generator/src/main/java/org/apache/activemq/openwire/tool/marshallers/AmqCppMarshallingClassesGenerator.java
 774d9941acb28d38a7639c51fb0f42eef459ce2b,activemq-cpp-openwire-generator/src/main/java/org/apache/activemq/openwire/tool/marshallers/AmqCppMarshallingHeadersGenerator.java
 b528e8a1ebf28d99ea31541e8614d61a2b4b4211,activemq-cpp-openwire-generator/src/main/java/org/apache/activemq/openwire/tool/commands/MessageHeaderGenerator.java
 45be999ab853213b5f82309d19d131fa9c737b15,activemq-cpp-openwire-generator/src/main/java/org/apache/activemq/openwire/tool/commands/ConsumerInfoHeaderGenerator.java
 86228dc267f9a79869a9e011b769230d4f696862,activemq-cpp-openwire-generator/src/main/java/org/apache/activemq/openwire/tool/commands/CommandCodeGeneratorsFactory.java
 3e513ea2f531d68d8038129d2a765bfd182b6ccd,activemq-cpp-openwire-generator/src/main/java/org/apache/activemq/openwire/tool/commands/ConsumerIdHeaderGenerator.java
 3e513ea2f531d68d8038129d2a765bfd182b6ccd,activemq-cpp-openwire-generator/src/main/java/org/apache/activemq/openwire/tool/commands/ConsumerIdSourceGenerator.java
 3e513ea2f531d68d8038129d2a765bfd182b6ccd,activemq-cpp-openwire-generator/src/main/java/org/apache/activemq/openwire/tool/commands/ProducerIdHeaderGenerator.java
 3e513ea2f531d68d8038129d2a765bfd182b6ccd,activemq-cpp-openwire-generator/src/main/java/org/apache/activemq/openwire/tool/commands/ProducerIdSourceGenerator.java
 3e513ea2f531d68d8038129d2a765bfd182b6ccd,activemq-cpp-openwire-generator/src/main/java/org/apache/activemq/openwire/tool/commands/XATransactionIdSourceGenerator.java
 b2b8c910210914f7fc65d2cc3d1db13afd3418de,activemq-cpp-openwire-generator/src/main/java/org/apache/activemq/openwire/tool/tests/AmqCppTestMarshallingClassesGenerator.java
 d05bcedc01460ffd3345e54e990b770f31274cf0,activemq-cpp-openwire-generator/src/main/java/org/apache/activemq/openwire/tool/commands/CommandCodeGenerator.java
 d05bcedc01460ffd3345e54e990b770f31274cf0,activemq-cpp-openwire-generator/src/main/java/org/apache/activemq/openwire/tool/commands/CommandHeaderGenerator.java
 d05bcedc01460ffd3345e54e990b770f31274cf0,activemq-cpp-openwire-generator/src/main/java/org/apache/activemq/openwire/tool/commands/CommandSourceGenerator.java
 d05bcedc01460ffd3345e54e990b770f31274cf0,activemq-cpp-openwire-generator/src/main/java/org/apache/activemq/openwire/tool/commands/ConnectionIdSourceGenerator.java
 d05bcedc01460ffd3345e54e990b770f31274cf0,activemq-cpp-openwire-generator/src/main/java/org/apache/activemq/openwire/tool/commands/ConsumerIdSourceGenerator.java
 d05bcedc01460ffd3345e54e990b770f31274cf0,activemq-cpp-openwire-generator/src/main/java/org/apache/activemq/openwire/tool/commands/MessageHeaderGenerator.java
 d05bcedc01460ffd3345e54e990b770f31274cf0,activemq-cpp-openwire-generator/src/main/java/org/apache/activemq/openwire/tool/commands/MessageIdHeaderGenerator.java
 d05bcedc01460ffd3345e54e990b770f31274cf0,activemq-cpp-openwire-generator/src/main/java/org/apache/activemq/openwire/tool/commands/MessageIdSourceGenerator.java
 d05bcedc01460ffd3345e54e990b770f31274cf0,activemq-cpp-openwire-generator/src/main/java/org/apache/activemq/openwire/tool/commands/MessageSourceGenerator.java
 d05bcedc01460ffd3345e54e990b770f31274cf0,activemq-cpp-openwire-generator/src/main/java/org/apache/activemq/openwire/tool/commands/ProducerIdSourceGenerator.java
 d05bcedc01460ffd3345e54e990b770f31274cf0,activemq-cpp-openwire-generator/src/main/java/org/apache/activemq/openwire/tool/commands/SessionIdHeaderGenerator.java
 d05bcedc01460ffd3345e54e990b770f31274cf0,activemq-cpp-openwire-generator/src/main/java/org/apache/activemq/openwire/tool/commands/SessionIdSourceGenerator.java
 d05bcedc01460ffd3345e54e990b770f31274cf0,activemq-cpp-openwire-generator/src/main/java/org/apache/activemq/openwire/tool/commands/SessionInfoHeaderGenerator.java
 d05bcedc01460ffd3345e54e990b770f31274cf0,activemq-cpp-openwire-generator/src/main/java/org/apache/activemq/openwire/tool/commands/SessionInfoSourceGenerator.java
 d05bcedc01460ffd3345e54e990b770f31274cf0,activemq-cpp-openwire-generator/src/main/java/org/apache/activemq/openwire/tool/commands/XATransactionIdHeaderGenerator.java
 d05bcedc01460ffd3345e54e990b770f31274cf0,activemq-cpp-openwire-generator/src/main/java/org/apache/activemq/openwire/tool/commands/XATransactionIdSourceGenerator.java
 0eabe41a0cba4dad4c999070933a866d3dcaa14c,activemq-cpp-openwire-generator/src/main/java/org/apache/activemq/openwire/tool/commands/LocalTransactionIdHeaderGenerator.java
 0eabe41a0cba4dad4c999070933a866d3dcaa14c,activemq-cpp-openwire-generator/src/main/java/org/apache/activemq/openwire/tool/commands/TransactionIdHeaderGenerator.java
 0eabe41a0cba4dad4c999070933a866d3dcaa14c,activemq-cpp-openwire-generator/src/main/java/org/apache/activemq/openwire/tool/commands/XATransactionIdHeaderGenerator.java
 b7db59d705d370bae2c04d204b4e2d6826cb4725,activemq-cpp-openwire-generator/src/main/java/org/apache/activemq/openwire/tool/commands/CommandCodeGeneratorsFactory.java
 75a6ab4089a8b21f375b1f160e26a29a8f11006f,activemq-cpp-openwire-generator/src/main/java/org/apache/activemq/openwire/tool/commands/CommandHeaderGenerator.java
 efcd13af3062a0736d0266de0fb3b3d65c5a6647,activemq-cpp-openwire-generator/src/main/java/org/apache/activemq/openwire/tool/commands/CommandHeaderGenerator.java
 efcd13af3062a0736d0266de0fb3b3d65c5a6647,activemq-cpp-openwire-generator/src/main/java/org/apache/activemq/openwire/tool/commands/CommandSourceGenerator.java
 efcd13af3062a0736d0266de0fb3b3d65c5a6647,activemq-cpp-openwire-generator/src/main/java/org/apache/activemq/openwire/tool/commands/MessageHeaderGenerator.java
 efcd13af3062a0736d0266de0fb3b3d65c5a6647,activemq-cpp-openwire-generator/src/main/java/org/apache/activemq/openwire/tool/commands/MessageSourceGenerator.java
 efcd13af3062a0736d0266de0fb3b3d65c5a6647,activemq-cpp-openwire-generator/src/main/java/org/apache/activemq/openwire/tool/marshallers/AmqCppMarshallingClassesGenerator.java
 efcd13af3062a0736d0266de0fb3b3d65c5a6647,activemq-cpp-openwire-generator/src/main/java/org/apache/activemq/openwire/tool/marshallers/AmqCppMarshallingHeadersGenerator.java
 5e88d26556041462731bc9b5c74950efd6a70912,activemq-cpp-openwire-generator/src/main/java/org/apache/activemq/openwire/tool/marshallers/AmqCppMarshallingClassesGenerator.java
 5e88d26556041462731bc9b5c74950efd6a70912,activemq-cpp-openwire-generator/src/main/java/org/apache/activemq/openwire/tool/marshallers/AmqCppMarshallingHeadersGenerator.java
 5e88d26556041462731bc9b5c74950efd6a70912,activemq-cpp-openwire-generator/src/main/java/org/apache/activemq/openwire/tool/tests/AmqCppTestMarshallingClassesGenerator.java
 5e88d26556041462731bc9b5c74950efd6a70912,activemq-cpp-openwire-generator/src/main/java/org/apache/activemq/openwire/tool/tests/AmqCppTestMarshallingHeadersGenerator.java
 999a80e72d2eeab10a23fac60d3dcb57ec9913ee,activemq-cpp-openwire-generator/src/main/java/org/apache/activemq/openwire/tool/AmqCppGeneratorTask.java
 999a80e72d2eeab10a23fac60d3dcb57ec9913ee,activemq-cpp-openwire-generator/src/main/java/org/apache/activemq/openwire/tool/marshallers/AmqCppMarshallingClassesGenerator.java
 999a80e72d2eeab10a23fac60d3dcb57ec9913ee,activemq-cpp-openwire-generator/src/main/java/org/apache/activemq/openwire/tool/marshallers/AmqCppMarshallingHeadersGenerator.java
 999a80e72d2eeab10a23fac60d3dcb57ec9913ee,activemq-cpp-openwire-generator/src/main/java/org/apache/activemq/openwire/tool/tests/AmqCppTestMarshallingClassesGenerator.java
 999a80e72d2eeab10a23fac60d3dcb57ec9913ee,activemq-cpp-openwire-generator/src/main/java/org/apache/activemq/openwire/tool/tests/AmqCppTestMarshallingHeadersGenerator.java
 8d9824dc651284603b527dcb49ef1bd7df5c5d45,activemq-cpp-openwire-generator/src/main/java/org/apache/activemq/openwire/tool/tests/AmqCppTestMarshallingClassesGenerator.java
 2bf539521c0ae322b3177191b7bfb7729ab5fd02,activemq-cpp-openwire-generator/src/main/java/org/apache/activemq/openwire/tool/tests/AmqCppTestMarshallingClassesGenerator.java
 97ebc546c666ab99cc6141fe3da5eeb183b8ac41,activemq-cpp-openwire-generator/src/main/java/org/apache/activemq/openwire/tool/commands/CommandCodeGenerator.java
 97ebc546c666ab99cc6141fe3da5eeb183b8ac41,activemq-cpp-openwire-generator/src/main/java/org/apache/activemq/openwire/tool/commands/CommandSourceGenerator.java
 3c266f676a87260666e9e722a96f062bd1804550,activemq-cpp-openwire-generator/src/main/java/org/apache/activemq/openwire/tool/commands/CommandHeaderGenerator.java
 3c266f676a87260666e9e722a96f062bd1804550,activemq-cpp-openwire-generator/src/main/java/org/apache/activemq/openwire/tool/commands/CommandSourceGenerator.java
 372d011d66069391a3251604d516f7182254bf2c,activemq-cpp-openwire-generator/src/main/java/org/apache/activemq/openwire/tool/commands/CommandHeaderGenerator.java
 372d011d66069391a3251604d516f7182254bf2c,activemq-cpp-openwire-generator/src/main/java/org/apache/activemq/openwire/tool/commands/CommandSourceGenerator.java
 372d011d66069391a3251604d516f7182254bf2c,activemq-cpp-openwire-generator/src/main/java/org/apache/activemq/openwire/tool/commands/ConnectionIdSourceGenerator.java
 372d011d66069391a3251604d516f7182254bf2c,activemq-cpp-openwire-generator/src/main/java/org/apache/activemq/openwire/tool/commands/ConsumerIdHeaderGenerator.java
 372d011d66069391a3251604d516f7182254bf2c,activemq-cpp-openwire-generator/src/main/java/org/apache/activemq/openwire/tool/commands/ConsumerIdSourceGenerator.java
 372d011d66069391a3251604d516f7182254bf2c,activemq-cpp-openwire-generator/src/main/java/org/apache/activemq/openwire/tool/commands/MessageIdSourceGenerator.java
 372d011d66069391a3251604d516f7182254bf2c,activemq-cpp-openwire-generator/src/main/java/org/apache/activemq/openwire/tool/commands/MessageSourceGenerator.java
 372d011d66069391a3251604d516f7182254bf2c,activemq-cpp-openwire-generator/src/main/java/org/apache/activemq/openwire/tool/commands/ProducerIdSourceGenerator.java
 372d011d66069391a3251604d516f7182254bf2c,activemq-cpp-openwire-generator/src/main/java/org/apache/activemq/openwire/tool/commands/SessionIdSourceGenerator.java
 372d011d66069391a3251604d516f7182254bf2c,activemq-cpp-openwire-generator/src/main/java/org/apache/activemq/openwire/tool/commands/SessionInfoSourceGenerator.java
 0618ef7a1cce3f4d8caa9e94f00fb8ddb44681ac,activemq-cpp-openwire-generator/src/main/java/org/apache/activemq/openwire/tool/marshallers/AmqCppMarshallingClassesGenerator.java
 4122000e56e15553e0e400d78bf648c305ef7b93,activemq-cpp-openwire-generator/src/main/java/org/apache/activemq/openwire/tool/commands/MessageHeaderGenerator.java
 4122000e56e15553e0e400d78bf648c305ef7b93,activemq-cpp-openwire-generator/src/main/java/org/apache/activemq/openwire/tool/commands/MessageSourceGenerator.java
 8dce712567fced25287bc68dec77f707f53da2ac,activemq-cpp-openwire-generator/src/main/java/org/apache/activemq/openwire/tool/commands/MessageSourceGenerator.java
 26e4cf1fa5523d47c739ffed94e8a5ec708c775a,activemq-cpp-openwire-generator/src/main/java/org/apache/activemq/openwire/tool/marshallers/AmqCppMarshallingClassesGenerator.java
 f210f7f473a21b9ad429a14df20fffa0764f2570,maven-cpptools-plugin/src/main/java/org/apache/activemq/maven/MakefileMojo.java
 8dfbcc5b513cbe52224b0974059542b825b11c41,activemq-cpp-openwire-generator/src/main/java/org/apache/activemq/openwire/tool/AmqCppGeneratorTask.java
 8dfbcc5b513cbe52224b0974059542b825b11c41,activemq-cpp-openwire-generator/src/main/java/org/apache/activemq/openwire/tool/commands/ConnectionInfoHeaderGenerator.java
 8dfbcc5b513cbe52224b0974059542b825b11c41,activemq-cpp-openwire-generator/src/main/java/org/apache/activemq/openwire/tool/commands/ConnectionInfoSourceGenerator.java
 8dfbcc5b513cbe52224b0974059542b825b11c41,activemq-cpp-openwire-generator/src/main/java/org/apache/activemq/openwire/tool/commands/ConsumerInfoHeaderGenerator.java
 8dfbcc5b513cbe52224b0974059542b825b11c41,activemq-cpp-openwire-generator/src/main/java/org/apache/activemq/openwire/tool/commands/ConsumerInfoSourceGenerator.java
 8dfbcc5b513cbe52224b0974059542b825b11c41,activemq-cpp-openwire-generator/src/main/java/org/apache/activemq/openwire/tool/commands/ProducerInfoHeaderGenerator.java
 8dfbcc5b513cbe52224b0974059542b825b11c41,activemq-cpp-openwire-generator/src/main/java/org/apache/activemq/openwire/tool/commands/ProducerInfoSourceGenerator.java
 8dfbcc5b513cbe52224b0974059542b825b11c41,activemq-cpp-openwire-generator/src/main/java/org/apache/activemq/openwire/tool/commands/SessionInfoHeaderGenerator.java
 8dfbcc5b513cbe52224b0974059542b825b11c41,activemq-cpp-openwire-generator/src/main/java/org/apache/activemq/openwire/tool/commands/SessionInfoSourceGenerator.java
 bf86ded9ac15c1892d60a6e509e5f0c8201ec842,activemq-cpp-openwire-generator/src/main/java/org/apache/activemq/openwire/tool/commands/BrokerIdSourceGenerator.java
 bf86ded9ac15c1892d60a6e509e5f0c8201ec842,activemq-cpp-openwire-generator/src/main/java/org/apache/activemq/openwire/tool/commands/CommandClassGenerator.java
 bf86ded9ac15c1892d60a6e509e5f0c8201ec842,activemq-cpp-openwire-generator/src/main/java/org/apache/activemq/openwire/tool/commands/CommandCodeGeneratorsFactory.java
 bf86ded9ac15c1892d60a6e509e5f0c8201ec842,activemq-cpp-openwire-generator/src/main/java/org/apache/activemq/openwire/tool/commands/CommandSourceGenerator.java
 bf86ded9ac15c1892d60a6e509e5f0c8201ec842,activemq-cpp-openwire-generator/src/main/java/org/apache/activemq/openwire/tool/commands/ConnectionIdSourceGenerator.java
 bf86ded9ac15c1892d60a6e509e5f0c8201ec842,activemq-cpp-openwire-generator/src/main/java/org/apache/activemq/openwire/tool/commands/ConsumerIdSourceGenerator.java
 bf86ded9ac15c1892d60a6e509e5f0c8201ec842,activemq-cpp-openwire-generator/src/main/java/org/apache/activemq/openwire/tool/commands/MessageIdHeaderGenerator.java
 bf86ded9ac15c1892d60a6e509e5f0c8201ec842,activemq-cpp-openwire-generator/src/main/java/org/apache/activemq/openwire/tool/commands/MessageIdSourceGenerator.java
 bf86ded9ac15c1892d60a6e509e5f0c8201ec842,activemq-cpp-openwire-generator/src/main/java/org/apache/activemq/openwire/tool/commands/ProducerIdHeaderGenerator.java
 bf86ded9ac15c1892d60a6e509e5f0c8201ec842,activemq-cpp-openwire-generator/src/main/java/org/apache/activemq/openwire/tool/commands/ProducerIdSourceGenerator.java
 bf86ded9ac15c1892d60a6e509e5f0c8201ec842,activemq-cpp-openwire-generator/src/main/java/org/apache/activemq/openwire/tool/commands/SessionIdSourceGenerator.java
 dbb8538501da849e23728a529068abf84aa0e720,activemq-cpp-openwire-generator/src/main/java/org/apache/activemq/openwire/tool/AmqCppGeneratorTask.java
 dbb8538501da849e23728a529068abf84aa0e720,activemq-cpp-openwire-generator/src/main/java/org/apache/activemq/openwire/tool/tests/AmqCppTestMarshallingClassesGenerator.java
 dbb8538501da849e23728a529068abf84aa0e720,activemq-cpp-openwire-generator/src/main/java/org/apache/activemq/openwire/tool/tests/AmqCppTestRegistryGenerator.java
 3f3b11c60a53b39e318f5ce304938a526baa4514,activemq-cpp-openwire-generator/src/main/java/org/apache/activemq/openwire/tool/tests/AmqCppTestMarshallingClassesGenerator.java
 7eeacb20c4a9bfac78b3101f9d8a102b5be6a9cf,activemq-cpp-openwire-generator/src/main/java/org/apache/activemq/openwire/tool/commands/MessageHeaderGenerator.java
 7eeacb20c4a9bfac78b3101f9d8a102b5be6a9cf,activemq-cpp-openwire-generator/src/main/java/org/apache/activemq/openwire/tool/commands/MessageSourceGenerator.java
 f2c1586d61cbefc32860bbc399e57950fe45638e,activemq-cpp-openwire-generator/src/main/java/org/apache/activemq/openwire/tool/commands/MessageHeaderGenerator.java
 51c2077649da83fcc4a08c23adfac5c6c8372b73,activemq-cpp-openwire-generator/src/main/java/org/apache/activemq/openwire/tool/marshallers/AmqCppMarshallingClassesGenerator.java
 51c2077649da83fcc4a08c23adfac5c6c8372b73,activemq-cpp-openwire-generator/src/main/java/org/apache/activemq/openwire/tool/marshallers/AmqCppMarshallingHeadersGenerator.java
 8a758f6e74ac91add33b7bf996764f4d22da97a6,activemq-cpp-openwire-generator/src/main/java/org/apache/activemq/openwire/tool/commands/MessageHeaderGenerator.java
 8a758f6e74ac91add33b7bf996764f4d22da97a6,activemq-cpp-openwire-generator/src/main/java/org/apache/activemq/openwire/tool/commands/MessageSourceGenerator.java
 a00327679a38589c1d7f65f3ed22c12afa6a5c38,maven-cpptools-plugin/src/main/java/org/apache/activemq/maven/MakefileMojo.java
 7791e3d370f438faefbfab693e9136933ad03e36,activemq-cpp-openwire-generator/src/main/java/org/apache/activemq/openwire/tool/marshallers/AmqCppMarshallingHeadersGenerator.java
 04e480f1a6a29a6ff2b8175bdd13076a24dd30e4,activemq-cpp-openwire-generator/src/main/java/org/apache/activemq/openwire/tool/marshallers/AmqCppMarshallingHeadersGenerator.java
 1946e2f45a8cc6da857b5d9dd40002220a619515,activemq-cpp-openwire-generator/src/main/java/org/apache/activemq/openwire/tool/commands/CommandSourceGenerator.java
 bb8a17989a33de5e6b53b4d542224c089a7c7143,activemq-cpp-openwire-generator/src/main/java/org/apache/activemq/openwire/tool/commands/CommandCodeGeneratorsFactory.java
 bb8a17989a33de5e6b53b4d542224c089a7c7143,activemq-cpp-openwire-generator/src/main/java/org/apache/activemq/openwire/tool/commands/SessionInfoHeaderGenerator.java
 bb8a17989a33de5e6b53b4d542224c089a7c7143,activemq-cpp-openwire-generator/src/main/java/org/apache/activemq/openwire/tool/commands/SessionInfoSourceGenerator.java
 22c80afa7b9dc59aecb61d6c7d15ccdeca8dbec9,activemq-cpp-openwire-generator/src/main/java/org/apache/activemq/openwire/tool/commands/MessageSourceGenerator.java
 584b843048f87924969d8dc121c47c26aa802317,activemq-cpp-openwire-generator/src/main/java/org/apache/activemq/openwire/tool/commands/CommandCodeGeneratorsFactory.java
 2095ab937303d3e35674787d832bfc6fdc62ed6b,activemq-cpp-openwire-generator/src/main/java/org/apache/activemq/openwire/tool/commands/CommandCodeGeneratorsFactory.java
 04a4f60fbd9f6b780dfa7e1e863cb99916018a4a,activemq-cpp-openwire-generator/src/main/java/org/apache/activemq/openwire/tool/commands/CommandCodeGeneratorsFactory.java
 3afa91b79725e19f7aa4bf487ce6391191d64b68,maven-amqcpp-tooling-plugin/src/main/java/org/apache/activemq/maven/AbstractToolingMojo.java
 3afa91b79725e19f7aa4bf487ce6391191d64b68,maven-amqcpp-tooling-plugin/src/main/java/org/apache/activemq/maven/MakefileMojo.java
 3afa91b79725e19f7aa4bf487ce6391191d64b68,maven-amqcpp-tooling-plugin/src/main/java/org/apache/activemq/maven/visualstudio/Configuration.java
 3afa91b79725e19f7aa4bf487ce6391191d64b68,maven-amqcpp-tooling-plugin/src/main/java/org/apache/activemq/maven/visualstudio/File.java
 3afa91b79725e19f7aa4bf487ce6391191d64b68,maven-amqcpp-tooling-plugin/src/main/java/org/apache/activemq/maven/visualstudio/FileConfiguration.java
 3afa91b79725e19f7aa4bf487ce6391191d64b68,maven-amqcpp-tooling-plugin/src/main/java/org/apache/activemq/maven/visualstudio/Filter.java
 3afa91b79725e19f7aa4bf487ce6391191d64b68,maven-amqcpp-tooling-plugin/src/main/java/org/apache/activemq/maven/visualstudio/Platform.java
 3afa91b79725e19f7aa4bf487ce6391191d64b68,maven-amqcpp-tooling-plugin/src/main/java/org/apache/activemq/maven/visualstudio/Tool.java
 3afa91b79725e19f7aa4bf487ce6391191d64b68,maven-amqcpp-tooling-plugin/src/main/java/org/apache/activemq/maven/visualstudio/ToolFile.java
 3afa91b79725e19f7aa4bf487ce6391191d64b68,maven-amqcpp-tooling-plugin/src/main/java/org/apache/activemq/maven/visualstudio/VisualStudioProject.java
 3afa91b79725e19f7aa4bf487ce6391191d64b68,maven-amqcpp-tooling-plugin/src/main/java/org/apache/activemq/maven/visualstudio/vs2005/VisualStudio2005Project.java
 3afa91b79725e19f7aa4bf487ce6391191d64b68,maven-cpptools-plugin/src/main/java/org/apache/activemq/maven/AbstractToolingMojo.java
 3afa91b79725e19f7aa4bf487ce6391191d64b68,maven-cpptools-plugin/src/main/java/org/apache/activemq/maven/MakefileMojo.java
 3afa91b79725e19f7aa4bf487ce6391191d64b68,maven-cpptools-plugin/src/main/java/org/apache/activemq/maven/visualstudio/Configuration.java
 3afa91b79725e19f7aa4bf487ce6391191d64b68,maven-cpptools-plugin/src/main/java/org/apache/activemq/maven/visualstudio/File.java
 3afa91b79725e19f7aa4bf487ce6391191d64b68,maven-cpptools-plugin/src/main/java/org/apache/activemq/maven/visualstudio/FileConfiguration.java
 3afa91b79725e19f7aa4bf487ce6391191d64b68,maven-cpptools-plugin/src/main/java/org/apache/activemq/maven/visualstudio/Filter.java
 3afa91b79725e19f7aa4bf487ce6391191d64b68,maven-cpptools-plugin/src/main/java/org/apache/activemq/maven/visualstudio/Platform.java
 3afa91b79725e19f7aa4bf487ce6391191d64b68,maven-cpptools-plugin/src/main/java/org/apache/activemq/maven/visualstudio/Tool.java
 3afa91b79725e19f7aa4bf487ce6391191d64b68,maven-cpptools-plugin/src/main/java/org/apache/activemq/maven/visualstudio/ToolFile.java
 3afa91b79725e19f7aa4bf487ce6391191d64b68,maven-cpptools-plugin/src/main/java/org/apache/activemq/maven/visualstudio/VisualStudioProject.java
 3afa91b79725e19f7aa4bf487ce6391191d64b68,maven-cpptools-plugin/src/main/java/org/apache/activemq/maven/visualstudio/vs2005/VisualStudio2005Project.java
 c21629d782d3651729af8ccffb1e31741426c856,maven-amqcpp-tooling-plugin/src/main/java/org/apache/activemq/maven/MakefileMojo.java
 3a451b8bed219d1cc9f3d8856e2a907a747c29be,activemq-cpp-openwire-generator/src/main/java/org/apache/activemq/openwire/tool/commands/CommandHeaderGenerator.java
 178361b2f23a754ebc62efafce11776b202150f1,activemq-cpp-openwire-generator/src/main/java/org/apache/activemq/openwire/tool/commands/CommandHeaderGenerator.java
 9f12a3f17f78daace51e8c7568cd0cec5dbe8b2d,maven-amqcpp-tooling-plugin/src/main/java/org/apache/activemq/maven/AbstractToolingMojo.java
 9f12a3f17f78daace51e8c7568cd0cec5dbe8b2d,maven-amqcpp-tooling-plugin/src/main/java/org/apache/activemq/maven/MakefileMojo.java
 9f12a3f17f78daace51e8c7568cd0cec5dbe8b2d,maven-amqcpp-tooling-plugin/src/main/java/org/apache/activemq/maven/visualstudio/Configuration.java
 9f12a3f17f78daace51e8c7568cd0cec5dbe8b2d,maven-amqcpp-tooling-plugin/src/main/java/org/apache/activemq/maven/visualstudio/File.java
 9f12a3f17f78daace51e8c7568cd0cec5dbe8b2d,maven-amqcpp-tooling-plugin/src/main/java/org/apache/activemq/maven/visualstudio/FileConfiguration.java
 9f12a3f17f78daace51e8c7568cd0cec5dbe8b2d,maven-amqcpp-tooling-plugin/src/main/java/org/apache/activemq/maven/visualstudio/Filter.java
 9f12a3f17f78daace51e8c7568cd0cec5dbe8b2d,maven-amqcpp-tooling-plugin/src/main/java/org/apache/activemq/maven/visualstudio/Platform.java
 9f12a3f17f78daace51e8c7568cd0cec5dbe8b2d,maven-amqcpp-tooling-plugin/src/main/java/org/apache/activemq/maven/visualstudio/Tool.java
 9f12a3f17f78daace51e8c7568cd0cec5dbe8b2d,maven-amqcpp-tooling-plugin/src/main/java/org/apache/activemq/maven/visualstudio/ToolFile.java
 9f12a3f17f78daace51e8c7568cd0cec5dbe8b2d,maven-amqcpp-tooling-plugin/src/main/java/org/apache/activemq/maven/visualstudio/VisualStudioProject.java
 9f12a3f17f78daace51e8c7568cd0cec5dbe8b2d,maven-amqcpp-tooling-plugin/src/main/java/org/apache/activemq/maven/visualstudio/vs2005/VisualStudio2005Project.java
 cc5c89a1530c0845b54930193ef19be8d248cb78,activemq-cpp-openwire-generator/src/main/java/org/apache/activemq/openwire/tool/marshallers/AmqCppMarshallingHeadersGenerator.java
 b24882e8daae4eebb56e8ef2683ab2c329afcd25,activemq-cpp-openwire-generator/src/main/java/org/apache/activemq/openwire/tool/commands/CommandSourceGenerator.java
 6caac4869eddcb11e5ce7c06434ffc3ab62b811b,activemq-cpp-openwire-generator/src/main/java/org/apache/activemq/openwire/tool/commands/CommandSourceGenerator.java
 e76d4791dfa3418a7425e997ef706996a8e35383,activemq-cpp-openwire-generator/src/main/java/org/apache/activemq/openwire/tool/commands/CommandCodeGeneratorsFactory.java
 e90c1a586c6f28e1fb8ebfd70771ae5ab0a91585,activemq-cpp-openwire-generator/src/main/java/org/apache/activemq/openwire/tool/commands/CommandCodeGeneratorsFactory.java
 4c5bcd9e8e962e44d378df8b8da46747e3a79586,activemq-cpp-openwire-generator/src/main/java/org/apache/activemq/openwire/tool/commands/CommandCodeGenerator.java
 4c5bcd9e8e962e44d378df8b8da46747e3a79586,activemq-cpp-openwire-generator/src/main/java/org/apache/activemq/openwire/tool/commands/CommandCodeGeneratorsFactory.java
 4c5bcd9e8e962e44d378df8b8da46747e3a79586,activemq-cpp-openwire-generator/src/main/java/org/apache/activemq/openwire/tool/commands/CommandHeaderGenerator.java
 4c5bcd9e8e962e44d378df8b8da46747e3a79586,activemq-cpp-openwire-generator/src/main/java/org/apache/activemq/openwire/tool/commands/ConnectionIdHeaderGenerator.java
 4c5bcd9e8e962e44d378df8b8da46747e3a79586,activemq-cpp-openwire-generator/src/main/java/org/apache/activemq/openwire/tool/commands/ConnectionIdSourceGenerator.java
 4c5bcd9e8e962e44d378df8b8da46747e3a79586,activemq-cpp-openwire-generator/src/main/java/org/apache/activemq/openwire/tool/commands/ConsumerIdHeaderGenerator.java
 4c5bcd9e8e962e44d378df8b8da46747e3a79586,activemq-cpp-openwire-generator/src/main/java/org/apache/activemq/openwire/tool/commands/ConsumerIdSourceGenerator.java
 4c5bcd9e8e962e44d378df8b8da46747e3a79586,activemq-cpp-openwire-generator/src/main/java/org/apache/activemq/openwire/tool/commands/ProducerIdHeaderGenerator.java
 4c5bcd9e8e962e44d378df8b8da46747e3a79586,activemq-cpp-openwire-generator/src/main/java/org/apache/activemq/openwire/tool/commands/ProducerIdSourceGenerator.java
 4c5bcd9e8e962e44d378df8b8da46747e3a79586,activemq-cpp-openwire-generator/src/main/java/org/apache/activemq/openwire/tool/commands/SessionIdHeaderGenerator.java
 4c5bcd9e8e962e44d378df8b8da46747e3a79586,activemq-cpp-openwire-generator/src/main/java/org/apache/activemq/openwire/tool/commands/SessionIdSourceGenerator.java
 561a6aee3988d273ee2bf9f899ddeb0404cfdca9,activemq-cpp-openwire-generator/src/main/java/org/apache/activemq/openwire/tool/commands/CommandCodeGeneratorsFactory.java
 561a6aee3988d273ee2bf9f899ddeb0404cfdca9,activemq-cpp-openwire-generator/src/main/java/org/apache/activemq/openwire/tool/commands/CommandHeaderGenerator.java
 561a6aee3988d273ee2bf9f899ddeb0404cfdca9,activemq-cpp-openwire-generator/src/main/java/org/apache/activemq/openwire/tool/commands/ConnectionIdHeaderGenerator.java
 561a6aee3988d273ee2bf9f899ddeb0404cfdca9,activemq-cpp-openwire-generator/src/main/java/org/apache/activemq/openwire/tool/commands/ConsumerIdHeaderGenerator.java
 561a6aee3988d273ee2bf9f899ddeb0404cfdca9,activemq-cpp-openwire-generator/src/main/java/org/apache/activemq/openwire/tool/commands/ConsumerIdSourceGenerator.java
 561a6aee3988d273ee2bf9f899ddeb0404cfdca9,activemq-cpp-openwire-generator/src/main/java/org/apache/activemq/openwire/tool/commands/ProducerIdHeaderGenerator.java
 561a6aee3988d273ee2bf9f899ddeb0404cfdca9,activemq-cpp-openwire-generator/src/main/java/org/apache/activemq/openwire/tool/commands/ProducerIdSourceGenerator.java
 561a6aee3988d273ee2bf9f899ddeb0404cfdca9,activemq-cpp-openwire-generator/src/main/java/org/apache/activemq/openwire/tool/commands/SessionIdHeaderGenerator.java
 561a6aee3988d273ee2bf9f899ddeb0404cfdca9,activemq-cpp-openwire-generator/src/main/java/org/apache/activemq/openwire/tool/commands/SessionIdSourceGenerator.java
 2c3af9d31e6f4cb6bb597436497468b59e4e53ae,activemq-cpp-openwire-generator/src/main/java/org/apache/activemq/openwire/tool/AmqCppClassesGenerator.java
 2c3af9d31e6f4cb6bb597436497468b59e4e53ae,activemq-cpp-openwire-generator/src/main/java/org/apache/activemq/openwire/tool/AmqCppGeneratorTask.java
 2c3af9d31e6f4cb6bb597436497468b59e4e53ae,activemq-cpp-openwire-generator/src/main/java/org/apache/activemq/openwire/tool/AmqCppHeadersGenerator.java
 2c3af9d31e6f4cb6bb597436497468b59e4e53ae,activemq-cpp-openwire-generator/src/main/java/org/apache/activemq/openwire/tool/AmqCppMakefileGenerator.java
 2c3af9d31e6f4cb6bb597436497468b59e4e53ae,activemq-cpp-openwire-generator/src/main/java/org/apache/activemq/openwire/tool/AmqCppMarshallingClassesGenerator.java
 2c3af9d31e6f4cb6bb597436497468b59e4e53ae,activemq-cpp-openwire-generator/src/main/java/org/apache/activemq/openwire/tool/AmqCppMarshallingHeadersGenerator.java
 2c3af9d31e6f4cb6bb597436497468b59e4e53ae,activemq-cpp-openwire-generator/src/main/java/org/apache/activemq/openwire/tool/AmqCppTestMarshallingClassesGenerator.java
 2c3af9d31e6f4cb6bb597436497468b59e4e53ae,activemq-cpp-openwire-generator/src/main/java/org/apache/activemq/openwire/tool/AmqCppTestMarshallingHeadersGenerator.java
 2c3af9d31e6f4cb6bb597436497468b59e4e53ae,activemq-cpp-openwire-generator/src/main/java/org/apache/activemq/openwire/tool/commands/CommandClassGenerator.java
 2c3af9d31e6f4cb6bb597436497468b59e4e53ae,activemq-cpp-openwire-generator/src/main/java/org/apache/activemq/openwire/tool/commands/CommandCodeGenerator.java
 2c3af9d31e6f4cb6bb597436497468b59e4e53ae,activemq-cpp-openwire-generator/src/main/java/org/apache/activemq/openwire/tool/commands/CommandCodeGeneratorsFactory.java
 2c3af9d31e6f4cb6bb597436497468b59e4e53ae,activemq-cpp-openwire-generator/src/main/java/org/apache/activemq/openwire/tool/commands/CommandHeaderGenerator.java
 2c3af9d31e6f4cb6bb597436497468b59e4e53ae,activemq-cpp-openwire-generator/src/main/java/org/apache/activemq/openwire/tool/commands/CommandSourceGenerator.java
 2c3af9d31e6f4cb6bb597436497468b59e4e53ae,activemq-cpp-openwire-generator/src/main/java/org/apache/activemq/openwire/tool/commands/MessageHeaderGenerator.java
 2c3af9d31e6f4cb6bb597436497468b59e4e53ae,activemq-cpp-openwire-generator/src/main/java/org/apache/activemq/openwire/tool/commands/MessageSourceGenerator.java
 2c3af9d31e6f4cb6bb597436497468b59e4e53ae,activemq-cpp-openwire-generator/src/main/java/org/apache/activemq/openwire/tool/makefiles/AmqCppMakefileGenerator.java
 2c3af9d31e6f4cb6bb597436497468b59e4e53ae,activemq-cpp-openwire-generator/src/main/java/org/apache/activemq/openwire/tool/marshallers/AmqCppMarshallingClassesGenerator.java
 2c3af9d31e6f4cb6bb597436497468b59e4e53ae,activemq-cpp-openwire-generator/src/main/java/org/apache/activemq/openwire/tool/marshallers/AmqCppMarshallingHeadersGenerator.java
 2c3af9d31e6f4cb6bb597436497468b59e4e53ae,activemq-cpp-openwire-generator/src/main/java/org/apache/activemq/openwire/tool/tests/AmqCppTestMarshallingClassesGenerator.java
 2c3af9d31e6f4cb6bb597436497468b59e4e53ae,activemq-cpp-openwire-generator/src/main/java/org/apache/activemq/openwire/tool/tests/AmqCppTestMarshallingHeadersGenerator.java
 efd4bd4585872d71901fa86cdab8db049603aaa2,activemq-cpp-openwire-generator/src/main/java/org/apache/activemq/openwire/tool/AmqCppClassesGenerator.java
 5f5a1fe265b7a78f3f6301e83da86de7607ad805,activemq-cpp-openwire-generator/src/main/java/org/apache/activemq/openwire/tool/AmqCppClassesGenerator.java
 5f5a1fe265b7a78f3f6301e83da86de7607ad805,activemq-cpp-openwire-generator/src/main/java/org/apache/activemq/openwire/tool/AmqCppGeneratorTask.java
 5f5a1fe265b7a78f3f6301e83da86de7607ad805,activemq-cpp-openwire-generator/src/main/java/org/apache/activemq/openwire/tool/AmqCppHeadersGenerator.java
 5f5a1fe265b7a78f3f6301e83da86de7607ad805,activemq-cpp-openwire-generator/src/main/java/org/apache/activemq/openwire/tool/AmqCppMakefileGenerator.java
 5f5a1fe265b7a78f3f6301e83da86de7607ad805,activemq-cpp-openwire-generator/src/main/java/org/apache/activemq/openwire/tool/AmqCppMarshallingHeadersGenerator.java
 5f5a1fe265b7a78f3f6301e83da86de7607ad805,activemq-cpp-openwire-generator/src/main/java/org/apache/activemq/openwire/tool/AmqCppTestMarshallingClassesGenerator.java
 5f5a1fe265b7a78f3f6301e83da86de7607ad805,activemq-cpp-openwire-generator/src/main/java/org/apache/activemq/openwire/tool/AmqCppTestMarshallingHeadersGenerator.java
 15dd2b66d63ea03f0a35708c5b7b70aa303cc21f,src/main/java/org/apache/activemq/openwire/tool/AmqCppClassesGenerator.java
 15dd2b66d63ea03f0a35708c5b7b70aa303cc21f,src/main/java/org/apache/activemq/openwire/tool/AmqCppGeneratorTask.java
 15dd2b66d63ea03f0a35708c5b7b70aa303cc21f,src/main/java/org/apache/activemq/openwire/tool/AmqCppHeadersGenerator.java
 15dd2b66d63ea03f0a35708c5b7b70aa303cc21f,src/main/java/org/apache/activemq/openwire/tool/AmqCppMakefileGenerator.java
 15dd2b66d63ea03f0a35708c5b7b70aa303cc21f,src/main/java/org/apache/activemq/openwire/tool/AmqCppMarshallingClassesGenerator.java
 15dd2b66d63ea03f0a35708c5b7b70aa303cc21f,src/main/java/org/apache/activemq/openwire/tool/AmqCppMarshallingHeadersGenerator.java
 15dd2b66d63ea03f0a35708c5b7b70aa303cc21f,src/main/java/org/apache/activemq/openwire/tool/AmqCppTestMarshallingClassesGenerator.java
 15dd2b66d63ea03f0a35708c5b7b70aa303cc21f,src/main/java/org/apache/activemq/openwire/tool/AmqCppTestMarshallingHeadersGenerator.java
 a137bd3a6ba3d0e10f7e663fa6848a5102524dd6,activemq-cpp-openwire-generator/src/main/java/org/apache/activemq/openwire/tool/AmqCppClassesGenerator.java
 a137bd3a6ba3d0e10f7e663fa6848a5102524dd6,activemq-cpp-openwire-generator/src/main/java/org/apache/activemq/openwire/tool/AmqCppGeneratorTask.java
 a137bd3a6ba3d0e10f7e663fa6848a5102524dd6,activemq-cpp-openwire-generator/src/main/java/org/apache/activemq/openwire/tool/AmqCppHeadersGenerator.java
 a137bd3a6ba3d0e10f7e663fa6848a5102524dd6,activemq-cpp-openwire-generator/src/main/java/org/apache/activemq/openwire/tool/AmqCppMakefileGenerator.java
 a137bd3a6ba3d0e10f7e663fa6848a5102524dd6,activemq-cpp-openwire-generator/src/main/java/org/apache/activemq/openwire/tool/AmqCppMarshallingClassesGenerator.java
 a137bd3a6ba3d0e10f7e663fa6848a5102524dd6,activemq-cpp-openwire-generator/src/main/java/org/apache/activemq/openwire/tool/AmqCppMarshallingHeadersGenerator.java
 a137bd3a6ba3d0e10f7e663fa6848a5102524dd6,activemq-cpp-openwire-generator/src/main/java/org/apache/activemq/openwire/tool/AmqCppTestMarshallingClassesGenerator.java
 a137bd3a6ba3d0e10f7e663fa6848a5102524dd6,activemq-cpp-openwire-generator/src/main/java/org/apache/activemq/openwire/tool/AmqCppTestMarshallingHeadersGenerator.java
 a7add49f00fdc695b91385fc043af797b1603783,src/main/java/org/apache/activemq/openwire/tool/AmqCppClassesGenerator.java
 3d7c4ae384f299f017fe64823d72946adf2326f6,src/main/java/org/apache/activemq/openwire/tool/AmqCppGeneratorTask.java
 3d7c4ae384f299f017fe64823d72946adf2326f6,src/main/java/org/apache/activemq/openwire/tool/AmqCppHeadersGenerator.java
 8bfafe7c26551d99178decc4825b5d3f47c52519,src/main/java/org/apache/activemq/openwire/tool/AmqCppHeadersGenerator.java
 9c96dbaf157e4846455b8c8155ffe9c850811ec8,src/main/java/org/apache/activemq/openwire/tool/AmqCppClassesGenerator.java
 9c96dbaf157e4846455b8c8155ffe9c850811ec8,src/main/java/org/apache/activemq/openwire/tool/AmqCppHeadersGenerator.java
 833c27052845cf8b01c411ae4f3fb6fc3ee26a58,src/main/java/org/apache/activemq/openwire/tool/AmqCppClassesGenerator.java
 833c27052845cf8b01c411ae4f3fb6fc3ee26a58,src/main/java/org/apache/activemq/openwire/tool/AmqCppHeadersGenerator.java
 833c27052845cf8b01c411ae4f3fb6fc3ee26a58,src/main/java/org/apache/activemq/openwire/tool/AmqCppMarshallingClassesGenerator.java
 60e8a8b453333a9de639be8b48a1c7be4cc9418b,src/main/java/org/apache/activemq/openwire/tool/AmqCppClassesGenerator.java
 60e8a8b453333a9de639be8b48a1c7be4cc9418b,src/main/java/org/apache/activemq/openwire/tool/AmqCppHeadersGenerator.java
 0fd75c4c5cf7b734da6cd567d9c06dce1e35a4d5,src/main/java/org/apache/activemq/openwire/tool/AmqCppClassesGenerator.java
 0fd75c4c5cf7b734da6cd567d9c06dce1e35a4d5,src/main/java/org/apache/activemq/openwire/tool/AmqCppMarshallingHeadersGenerator.java
 dc10671497ba5413b1d6dd73c699322885ce2043,src/main/java/org/apache/activemq/openwire/tool/AmqCppClassesGenerator.java
 dc10671497ba5413b1d6dd73c699322885ce2043,src/main/java/org/apache/activemq/openwire/tool/AmqCppHeadersGenerator.java
 32f8199a0cdeedbe906b246853b5930094d11e28,src/main/java/org/apache/activemq/openwire/tool/AmqCppClassesGenerator.java
 32f8199a0cdeedbe906b246853b5930094d11e28,src/main/java/org/apache/activemq/openwire/tool/AmqCppHeadersGenerator.java
 32f8199a0cdeedbe906b246853b5930094d11e28,src/main/java/org/apache/activemq/openwire/tool/AmqCppMarshallingClassesGenerator.java
 d4ad20e4b8b9a1d1e0ce84812e51e11d28f62028,src/main/java/org/apache/activemq/openwire/tool/AmqCppHeadersGenerator.java
 d4ad20e4b8b9a1d1e0ce84812e51e11d28f62028,src/main/java/org/apache/activemq/openwire/tool/AmqCppMarshallingClassesGenerator.java
 d4ad20e4b8b9a1d1e0ce84812e51e11d28f62028,src/main/java/org/apache/activemq/openwire/tool/AmqCppMarshallingHeadersGenerator.java
 d4ad20e4b8b9a1d1e0ce84812e51e11d28f62028,src/main/java/org/apache/activemq/openwire/tool/AmqCppTestMarshallingHeadersGenerator.java
 090c88a8037a47f89dd5b4f9b025cdfa9597ef0a,src/main/java/org/apache/activemq/openwire/tool/AmqCppClassesGenerator.java
 090c88a8037a47f89dd5b4f9b025cdfa9597ef0a,src/main/java/org/apache/activemq/openwire/tool/AmqCppGeneratorTask.java
 090c88a8037a47f89dd5b4f9b025cdfa9597ef0a,src/main/java/org/apache/activemq/openwire/tool/AmqCppHeadersGenerator.java
 090c88a8037a47f89dd5b4f9b025cdfa9597ef0a,src/main/java/org/apache/activemq/openwire/tool/AmqCppMarshallingClassesGenerator.java
 090c88a8037a47f89dd5b4f9b025cdfa9597ef0a,src/main/java/org/apache/activemq/openwire/tool/AmqCppMarshallingHeadersGenerator.java
 090c88a8037a47f89dd5b4f9b025cdfa9597ef0a,src/main/java/org/apache/activemq/openwire/tool/AmqCppTestMarshallingClassesGenerator.java
 090c88a8037a47f89dd5b4f9b025cdfa9597ef0a,src/main/java/org/apache/activemq/openwire/tool/AmqCppTestMarshallingHeadersGenerator.java
 a7a24ec206d3fa682c2d655afe24a55a6a115366,src/main/java/org/apache/activemq/openwire/tool/AmqCppClassesGenerator.java
 a7a24ec206d3fa682c2d655afe24a55a6a115366,src/main/java/org/apache/activemq/openwire/tool/AmqCppHeadersGenerator.java
 a7a24ec206d3fa682c2d655afe24a55a6a115366,src/main/java/org/apache/activemq/openwire/tool/AmqCppMarshallingHeadersGenerator.java
 b7ac2c3e597c858d6ebbb8811e8fdf219839037d,src/main/java/org/apache/activemq/openwire/tool/AmqCppMarshallingHeadersGenerator.java
 39b121ac19dd61d3d3fb1e0b79ce6d9332c78601,src/main/java/org/apache/activemq/openwire/tool/AmqCppTestMarshallingClassesGenerator.java
 b0e825fb70e370d7e68b3c5c028f85622b795022,src/main/java/org/apache/activemq/openwire/tool/AmqCppMarshallingClassesGenerator.java
 b0e825fb70e370d7e68b3c5c028f85622b795022,src/main/java/org/apache/activemq/openwire/tool/AmqCppMarshallingHeadersGenerator.java
 ca617bbfa20876a553c4d63a9985f5b99fcd7201,src/main/java/org/apache/activemq/openwire/tool/AmqCppMarshallingClassesGenerator.java
 ca617bbfa20876a553c4d63a9985f5b99fcd7201,src/main/java/org/apache/activemq/openwire/tool/AmqCppMarshallingHeadersGenerator.java
 ca617bbfa20876a553c4d63a9985f5b99fcd7201,src/main/java/org/apache/activemq/openwire/tool/AmqCppTestMarshallingClassesGenerator.java
 54ea300e5185ce25e5cc060c4c5b5fa8ee5b905f,src/main/java/org/apache/activemq/openwire/tool/AmqCppClassesGenerator.java
 54ea300e5185ce25e5cc060c4c5b5fa8ee5b905f,src/main/java/org/apache/activemq/openwire/tool/AmqCppMarshallingClassesGenerator.java
 1394d143eb6a7ea5378a0133e9bf2e3e7cdac317,src/main/java/org/apache/activemq/openwire/tool/AmqCppClassesGenerator.java
 1394d143eb6a7ea5378a0133e9bf2e3e7cdac317,src/main/java/org/apache/activemq/openwire/tool/AmqCppGeneratorTask.java
 1394d143eb6a7ea5378a0133e9bf2e3e7cdac317,src/main/java/org/apache/activemq/openwire/tool/AmqCppMakefileGenerator.java
 1394d143eb6a7ea5378a0133e9bf2e3e7cdac317,src/main/java/org/apache/activemq/openwire/tool/AmqCppMarshallingHeadersGenerator.java
 1394d143eb6a7ea5378a0133e9bf2e3e7cdac317,src/main/java/org/apache/activemq/openwire/tool/AmqCppTestMarshallingHeadersGenerator.java
 4caee4a0cedaefef69b81ca00db7471e4fe48064,src/main/java/org/apache/activemq/openwire/tool/AmqCppMakefileGenerator.java
 1e42eec15be58ad07788b8a7b3a863ff5de9c39f,src/main/java/org/apache/activemq/openwire/tool/AmqCppClassesGenerator.java
 1e42eec15be58ad07788b8a7b3a863ff5de9c39f,src/main/java/org/apache/activemq/openwire/tool/AmqCppGeneratorTask.java
 1e42eec15be58ad07788b8a7b3a863ff5de9c39f,src/main/java/org/apache/activemq/openwire/tool/AmqCppMarshallingHeadersGenerator.java
 1e42eec15be58ad07788b8a7b3a863ff5de9c39f,src/main/java/org/apache/activemq/openwire/tool/AmqCppTestMarshallingHeadersGenerator.java
 b67c7b054253042578f75048258be515daa64190,src/main/java/org/apache/activemq/openwire/tool/AmqCppGeneratorTask.java
 b67c7b054253042578f75048258be515daa64190,src/main/java/org/apache/activemq/openwire/tool/AmqCppTestMarshallingClassesGenerator.java
 b67c7b054253042578f75048258be515daa64190,src/main/java/org/apache/activemq/openwire/tool/AmqCppTestMarshallingHeadersGenerator.java
 dd444b93ad316aafd449789fa08cf5de25fa0ad0,src/main/java/org/apache/activemq/openwire/tool/AmqCppTestMarshallingClassesGenerator.java
 4363f6b1a805fadb11d6da9d48e377ec1ac51503,src/main/java/org/apache/activemq/openwire/tool/AmqCppClassesGenerator.java
 4363f6b1a805fadb11d6da9d48e377ec1ac51503,src/main/java/org/apache/activemq/openwire/tool/AmqCppHeadersGenerator.java
 75bb07cabeaad9b61e581aca32f19f654189f622,activemq-cpp/src/main/java/org/apache/activemq/openwire/tool/AmqCppClassesGenerator.java
 75bb07cabeaad9b61e581aca32f19f654189f622,activemq-cpp/src/main/java/org/apache/activemq/openwire/tool/AmqCppGeneratorTask.java
 75bb07cabeaad9b61e581aca32f19f654189f622,activemq-cpp/src/main/java/org/apache/activemq/openwire/tool/AmqCppHeadersGenerator.java
 75bb07cabeaad9b61e581aca32f19f654189f622,activemq-cpp/src/main/java/org/apache/activemq/openwire/tool/AmqCppMarshallingClassesGenerator.java
 75bb07cabeaad9b61e581aca32f19f654189f622,activemq-cpp/src/main/java/org/apache/activemq/openwire/tool/AmqCppMarshallingHeadersGenerator.java
 75bb07cabeaad9b61e581aca32f19f654189f622,activemq-cpp/src/main/java/org/apache/activemq/openwire/tool/AmqCppTestMarshallingClassesGenerator.java
 75bb07cabeaad9b61e581aca32f19f654189f622,activemq-cpp/src/main/java/org/apache/activemq/openwire/tool/AmqCppTestMarshallingHeadersGenerator.java
 75bb07cabeaad9b61e581aca32f19f654189f622,src/main/java/org/apache/activemq/openwire/tool/AmqCppClassesGenerator.java
 75bb07cabeaad9b61e581aca32f19f654189f622,src/main/java/org/apache/activemq/openwire/tool/AmqCppGeneratorTask.java
 75bb07cabeaad9b61e581aca32f19f654189f622,src/main/java/org/apache/activemq/openwire/tool/AmqCppHeadersGenerator.java
 75bb07cabeaad9b61e581aca32f19f654189f622,src/main/java/org/apache/activemq/openwire/tool/AmqCppMarshallingClassesGenerator.java
 75bb07cabeaad9b61e581aca32f19f654189f622,src/main/java/org/apache/activemq/openwire/tool/AmqCppMarshallingHeadersGenerator.java
 75bb07cabeaad9b61e581aca32f19f654189f622,src/main/java/org/apache/activemq/openwire/tool/AmqCppTestMarshallingClassesGenerator.java
 75bb07cabeaad9b61e581aca32f19f654189f622,src/main/java/org/apache/activemq/openwire/tool/AmqCppTestMarshallingHeadersGenerator.java
 8e50305d42999552552f4ba7d8c7ae51727a18cc,activemq-cpp/src/main/java/org/apache/activemq/openwire/tool/AmqCppClassesGenerator.java
 8e50305d42999552552f4ba7d8c7ae51727a18cc,activemq-cpp/src/main/java/org/apache/activemq/openwire/tool/AmqCppGeneratorTask.java
 8e50305d42999552552f4ba7d8c7ae51727a18cc,activemq-cpp/src/main/java/org/apache/activemq/openwire/tool/AmqCppHeadersGenerator.java
 8e50305d42999552552f4ba7d8c7ae51727a18cc,activemq-cpp/src/main/java/org/apache/activemq/openwire/tool/AmqCppMarshallingClassesGenerator.java
 8e50305d42999552552f4ba7d8c7ae51727a18cc,activemq-cpp/src/main/java/org/apache/activemq/openwire/tool/AmqCppMarshallingHeadersGenerator.java
 8e50305d42999552552f4ba7d8c7ae51727a18cc,activemq-cpp/src/main/java/org/apache/activemq/openwire/tool/AmqCppTestMarshallingClassesGenerator.java
 8e50305d42999552552f4ba7d8c7ae51727a18cc,activemq-cpp/src/main/java/org/apache/activemq/openwire/tool/AmqCppTestMarshallingHeadersGenerator.java
 8e50305d42999552552f4ba7d8c7ae51727a18cc,trunk/src/main/java/org/apache/activemq/openwire/tool/AmqCppClassesGenerator.java
 8e50305d42999552552f4ba7d8c7ae51727a18cc,trunk/src/main/java/org/apache/activemq/openwire/tool/AmqCppGeneratorTask.java
 8e50305d42999552552f4ba7d8c7ae51727a18cc,trunk/src/main/java/org/apache/activemq/openwire/tool/AmqCppHeadersGenerator.java
 8e50305d42999552552f4ba7d8c7ae51727a18cc,trunk/src/main/java/org/apache/activemq/openwire/tool/AmqCppMarshallingClassesGenerator.java
 8e50305d42999552552f4ba7d8c7ae51727a18cc,trunk/src/main/java/org/apache/activemq/openwire/tool/AmqCppMarshallingHeadersGenerator.java
 8e50305d42999552552f4ba7d8c7ae51727a18cc,trunk/src/main/java/org/apache/activemq/openwire/tool/AmqCppTestMarshallingClassesGenerator.java
 8e50305d42999552552f4ba7d8c7ae51727a18cc,trunk/src/main/java/org/apache/activemq/openwire/tool/AmqCppTestMarshallingHeadersGenerator.java
 b77a859b2443ade7d3011ee23b8d725d5e47a01f,activemq-cpp/src/main/java/org/apache/activemq/openwire/tool/AmqCppClassesGenerator.java
 b77a859b2443ade7d3011ee23b8d725d5e47a01f,activemq-cpp/src/main/java/org/apache/activemq/openwire/tool/AmqCppGeneratorTask.java
 b77a859b2443ade7d3011ee23b8d725d5e47a01f,activemq-cpp/src/main/java/org/apache/activemq/openwire/tool/AmqCppHeadersGenerator.java
 b77a859b2443ade7d3011ee23b8d725d5e47a01f,activemq-cpp/src/main/java/org/apache/activemq/openwire/tool/AmqCppMarshallingClassesGenerator.java
 b77a859b2443ade7d3011ee23b8d725d5e47a01f,activemq-cpp/src/main/java/org/apache/activemq/openwire/tool/AmqCppMarshallingHeadersGenerator.java
 b77a859b2443ade7d3011ee23b8d725d5e47a01f,activemq-cpp/src/main/java/org/apache/activemq/openwire/tool/AmqCppTestMarshallingClassesGenerator.java
 b77a859b2443ade7d3011ee23b8d725d5e47a01f,activemq-cpp/src/main/java/org/apache/activemq/openwire/tool/AmqCppTestMarshallingHeadersGenerator.java
 b77a859b2443ade7d3011ee23b8d725d5e47a01f,trunk/src/main/java/org/apache/activemq/openwire/tool/AmqCppClassesGenerator.java
 b77a859b2443ade7d3011ee23b8d725d5e47a01f,trunk/src/main/java/org/apache/activemq/openwire/tool/AmqCppGeneratorTask.java
 b77a859b2443ade7d3011ee23b8d725d5e47a01f,trunk/src/main/java/org/apache/activemq/openwire/tool/AmqCppHeadersGenerator.java
 b77a859b2443ade7d3011ee23b8d725d5e47a01f,trunk/src/main/java/org/apache/activemq/openwire/tool/AmqCppMarshallingClassesGenerator.java
 b77a859b2443ade7d3011ee23b8d725d5e47a01f,trunk/src/main/java/org/apache/activemq/openwire/tool/AmqCppMarshallingHeadersGenerator.java
 b77a859b2443ade7d3011ee23b8d725d5e47a01f,trunk/src/main/java/org/apache/activemq/openwire/tool/AmqCppTestMarshallingClassesGenerator.java
 b77a859b2443ade7d3011ee23b8d725d5e47a01f,trunk/src/main/java/org/apache/activemq/openwire/tool/AmqCppTestMarshallingHeadersGenerator.java
 3f3754cf784ee9fe1afdc19630c2a670a12e2f5c,activemq-cpp/openwire-scripts/AmqCppClassesGenerator.java
 3f3754cf784ee9fe1afdc19630c2a670a12e2f5c,activemq-cpp/openwire-scripts/AmqCppGeneratorTask.java
 3f3754cf784ee9fe1afdc19630c2a670a12e2f5c,activemq-cpp/openwire-scripts/AmqCppHeadersGenerator.java
 3f3754cf784ee9fe1afdc19630c2a670a12e2f5c,activemq-cpp/openwire-scripts/AmqCppMarshallingClassesGenerator.java
 3f3754cf784ee9fe1afdc19630c2a670a12e2f5c,activemq-cpp/openwire-scripts/AmqCppMarshallingHeadersGenerator.java
 3f3754cf784ee9fe1afdc19630c2a670a12e2f5c,activemq-cpp/openwire-scripts/AmqCppTestMarshallingClassesGenerator.java
 3f3754cf784ee9fe1afdc19630c2a670a12e2f5c,activemq-cpp/openwire-scripts/AmqCppTestMarshallingHeadersGenerator.java
 728e8387e74f95ed4d08b0892c5bb65aec757a31,activemq-cpp/src/main/java/org/apache/activemq/openwire/tool/AmqCppClassesGenerator.java
 728e8387e74f95ed4d08b0892c5bb65aec757a31,activemq-cpp/src/main/java/org/apache/activemq/openwire/tool/AmqCppGeneratorTask.java
 728e8387e74f95ed4d08b0892c5bb65aec757a31,activemq-cpp/src/main/java/org/apache/activemq/openwire/tool/AmqCppHeadersGenerator.java
 728e8387e74f95ed4d08b0892c5bb65aec757a31,activemq-cpp/src/main/java/org/apache/activemq/openwire/tool/AmqCppMarshallingClassesGenerator.java
 728e8387e74f95ed4d08b0892c5bb65aec757a31,activemq-cpp/src/main/java/org/apache/activemq/openwire/tool/AmqCppMarshallingHeadersGenerator.java
 728e8387e74f95ed4d08b0892c5bb65aec757a31,activemq-cpp/src/main/java/org/apache/activemq/openwire/tool/AmqCppTestMarshallingClassesGenerator.java
 728e8387e74f95ed4d08b0892c5bb65aec757a31,activemq-cpp/src/main/java/org/apache/activemq/openwire/tool/AmqCppTestMarshallingHeadersGenerator.java
 954f8017a59c8e10d8431c2da715fca5d6bab349,activemq-cpp/openwire-scripts/AmqCppTestMarshallingClassesGenerator.java
 954f8017a59c8e10d8431c2da715fca5d6bab349,activemq-cpp/openwire-scripts/AmqCppTestMarshallingHeadersGenerator.java
 8f6d7add688399db4235da4bad60b7b54237525f,activemq-cpp/openwire-scripts/AmqCppTestMarshallingClassesGenerator.java
 8f6d7add688399db4235da4bad60b7b54237525f,activemq-cpp/openwire-scripts/AmqCppTestMarshallingHeadersGenerator.java
 d87f6cfd10f68066969be6731677d6d3c8db8220,activemq-cpp/openwire-scripts/AmqCppGeneratorTask.java
 d87f6cfd10f68066969be6731677d6d3c8db8220,activemq-cpp/openwire-scripts/AmqCppTestMarshallingClassesGenerator.java
 649a0878996788994e4e5696f54c0d2991ea6842,activemq-cpp/openwire-scripts/AmqCppGeneratorTask.java
 649a0878996788994e4e5696f54c0d2991ea6842,activemq-cpp/openwire-scripts/AmqCppTestMarshallingHeadersGenerator.java
 caa7821987c52abec4633dcb03c5f03c2924be5b,activemq-cpp/openwire-scripts/AmqCppMarshallingClassesGenerator.java
 71566d43c456bf9e2fa19a64476abb5d2bc07f09,activemq-cpp/openwire-scripts/AmqCppClassesGenerator.java
 ba21634d8f83e1d29be74feaaf82a2821676dfd5,activemq-cpp/openwire-scripts/AmqCppMarshallingHeadersGenerator.java
 f8f89ef0037f241719f423864ea956b4085f33ef,activemq-cpp/openwire-scripts/AmqCppClassesGenerator.java
 f8f89ef0037f241719f423864ea956b4085f33ef,activemq-cpp/openwire-scripts/AmqCppHeadersGenerator.java
 b5559ad56d5ddbf379abe164a5ce4731158178b7,activemq-cpp/openwire-scripts/AmqCppMarshallingClassesGenerator.java
 4cf0f982891ce4def69ae32fe0c01b219df13ba3,activemq-cpp/openwire-scripts/AmqCppClassesGenerator.java
 98b5faa422c634d1e4213e6e8760bdea83ee8aa3,activemq-cpp/openwire-scripts/AmqCppClassesGenerator.java
 b49111f484578b99f40f8497d093df8af89f6ea5,activemq-cpp/openwire-scripts/AmqCppClassesGenerator.java
 db6f580963aa57b8e0caeb8f4d8b416b9e58efb0,activemq-cpp/openwire-scripts/AmqCppClassesGenerator.java
 db6f580963aa57b8e0caeb8f4d8b416b9e58efb0,activemq-cpp/openwire-scripts/AmqCppHeadersGenerator.java
 1d76680b69c9b9cd880efcdf3c4a8e6f23f7540d,activemq-cpp/openwire-scripts/AmqCppHeadersGenerator.java
 1d76680b69c9b9cd880efcdf3c4a8e6f23f7540d,activemq-cpp/openwire-scripts/AmqCppMarshallingClassesGenerator.java
 e7f3968a8b6a50c76a796f98c2c390fcab7cd400,activemq-cpp/openwire-scripts/AmqCppClassesGenerator.java
 b9a5d828155ff97943cd1b8f787623999fe4b73f,activemq-cpp/openwire-scripts/AmqCppMarshallingClassesGenerator.java
 594a67f8da99debcc0c25599f258271bb2c939aa,activemq-cpp/openwire-scripts/AmqCppMarshallingClassesGenerator.java
 6d903bf7664c1e9563867337d4b774d8a6ed3a5b,activemq-cpp/openwire-scripts/AmqCppMarshallingClassesGenerator.java
 e69186a5d79339ba4059664db9971cc833329694,activemq-cpp/openwire-scripts/AmqCppClassesGenerator.java
 e69186a5d79339ba4059664db9971cc833329694,activemq-cpp/openwire-scripts/AmqCppHeadersGenerator.java
 e69186a5d79339ba4059664db9971cc833329694,activemq-cpp/openwire-scripts/AmqCppMarshallingClassesGenerator.java
 e69186a5d79339ba4059664db9971cc833329694,activemq-cpp/openwire-scripts/AmqCppMarshallingHeadersGenerator.java
 2d2d0da1c7a29527d16afb87bf21e3405ff8c87e,activemq-cpp/openwire-scripts/AmqCppClassesGenerator.java
 2d2d0da1c7a29527d16afb87bf21e3405ff8c87e,activemq-cpp/openwire-scripts/AmqCppHeadersGenerator.java
 2d2d0da1c7a29527d16afb87bf21e3405ff8c87e,activemq-cpp/openwire-scripts/AmqCppMarshallingClassesGenerator.java
 2d2d0da1c7a29527d16afb87bf21e3405ff8c87e,activemq-cpp/openwire-scripts/AmqCppMarshallingHeadersGenerator.java
 11ecc22be0fc5194bc43cc9ddfe4a939ac965e6d,activemq-cpp/openwire-scripts/AmqCppMarshallingClassesGenerator.java
 11ecc22be0fc5194bc43cc9ddfe4a939ac965e6d,activemq-cpp/openwire-scripts/AmqCppMarshallingHeadersGenerator.java
 0926962bd0e23d925aed98a92493d55d8d0c332d,activemq-cpp/openwire-scripts/AmqCppClassesGenerator.java
 ea7fc21b2b827739976342933dd04c41754a1c85,activemq-cpp/openwire-scripts/AmqCppHeadersGenerator.java
 cad2fd8f759f7c95f63def71a79c2dccd7478951,activemq-cpp/openwire-scripts/AmqCppMarshallingClassesGenerator.java
 53dc098ea3b44b1b5e79671b424b9d09a5b7654b,activemq-cpp/openwire-scripts/AmqCppHeadersGenerator.java
 53dc098ea3b44b1b5e79671b424b9d09a5b7654b,activemq-cpp/openwire-scripts/AmqCppMarshallingClassesGenerator.java
 6d93d82d60cdb2560d65079b27c589c790178d43,activemq-cpp/openwire-scripts/AmqCppClassesGenerator.java
 6d93d82d60cdb2560d65079b27c589c790178d43,activemq-cpp/openwire-scripts/AmqCppMarshallingClassesGenerator.java
 6d93d82d60cdb2560d65079b27c589c790178d43,activemq-cpp/openwire-scripts/AmqCppMarshallingHeadersGenerator.java
 72b6fc7324d0b69f63a7546ff63728342754e2de,activemq-cpp/openwire-scripts/AmqCppClassesGenerator.java
 72b6fc7324d0b69f63a7546ff63728342754e2de,activemq-cpp/openwire-scripts/AmqCppHeadersGenerator.java
 72b6fc7324d0b69f63a7546ff63728342754e2de,activemq-cpp/openwire-scripts/AmqCppMarshallingClassesGenerator.java
 6e3902e64ba66017bb3edd29e9e50e92e548fb15,activemq-cpp/openwire-scripts/AmqCppMarshallingClassesGenerator.java
 6e3902e64ba66017bb3edd29e9e50e92e548fb15,activemq-cpp/openwire-scripts/AmqCppMarshallingHeadersGenerator.java
 90058b369c275cb33fff05c76f2b5229ddf10a7d,activemq-cpp/openwire-scripts/AmqCppClassesGenerator.java
 90058b369c275cb33fff05c76f2b5229ddf10a7d,activemq-cpp/openwire-scripts/AmqCppHeadersGenerator.java
 ad07006f99038d2f67f511a06099e1124e3c1cee,activemq-cpp/openwire-scripts/AmqCppMarshallingClassesGenerator.java
 ad07006f99038d2f67f511a06099e1124e3c1cee,activemq-cpp/openwire-scripts/AmqCppMarshallingHeadersGenerator.java
 536bfec3631feba4332caadb5fd1d679ca92ab3c,activemq-cpp/openwire-scripts/AmqCppClassesGenerator.java
 536bfec3631feba4332caadb5fd1d679ca92ab3c,activemq-cpp/openwire-scripts/AmqCppGeneratorTask.java
 536bfec3631feba4332caadb5fd1d679ca92ab3c,activemq-cpp/openwire-scripts/AmqCppHeadersGenerator.java
 536bfec3631feba4332caadb5fd1d679ca92ab3c,activemq-cpp/openwire-scripts/AmqCppMarshallingClassesGenerator.java
 536bfec3631feba4332caadb5fd1d679ca92ab3c,activemq-cpp/openwire-scripts/AmqCppMarshallingHeadersGenerator.java
 ac73dbf0434b66d8a0c062a6099c1f5c2546e030,activemq-cpp/temp-scripts/AmqCppClassesGenerator.java
 ac73dbf0434b66d8a0c062a6099c1f5c2546e030,activemq-cpp/temp-scripts/AmqCppGeneratorTask.java
 ac73dbf0434b66d8a0c062a6099c1f5c2546e030,activemq-cpp/temp-scripts/AmqCppHeadersGenerator.java
 ac73dbf0434b66d8a0c062a6099c1f5c2546e030,activemq-cpp/temp-scripts/AmqCppMarshallingClassesGenerator.java
 ac73dbf0434b66d8a0c062a6099c1f5c2546e030,activemq-cpp/temp-scripts/AmqCppMarshallingHeadersGenerator.java
 3a7b41fc6ba8919823f4f48d877457c28cf3e021,activemq-cpp/temp-scripts/AmqCppClassesGenerator.java
 c3dd23889142dc413dd48e13fe3875aba29db2cf,activemq-cpp/temp-scripts/AmqCppClassesGenerator.java
 f7fda210d4d97d0d7a9532706134f1361f9b74b2,activemq-cpp/temp-scripts/AmqCppClassesGenerator.java
 c95c04aec179e522553259febb38ee6cb4cf9929,activemq-cpp/temp-scripts/AmqCppClassesGenerator.java
 c95c04aec179e522553259febb38ee6cb4cf9929,activemq-cpp/temp-scripts/AmqCppMakefileGenerator.java
 786b1c5615efcf69e20e19569fa05dbbeb723836,activemq-cpp/temp-scripts/AmqCppClassesGenerator.java
 786b1c5615efcf69e20e19569fa05dbbeb723836,activemq-cpp/temp-scripts/AmqCppHeadersGenerator.java
 786b1c5615efcf69e20e19569fa05dbbeb723836,activemq-cpp/temp-scripts/AmqCppMakefileGenerator.java
 786b1c5615efcf69e20e19569fa05dbbeb723836,activemq-cpp/temp-scripts/AmqCppMarshallingClassesGenerator.java
 786b1c5615efcf69e20e19569fa05dbbeb723836,activemq-cpp/temp-scripts/AmqCppMarshallingHeadersGenerator.java
 1ace307c0512341919c6db94ee988fe1714e5af3,activemq-cpp/temp-scripts/AmqCppClassesGenerator.java
 1ace307c0512341919c6db94ee988fe1714e5af3,activemq-cpp/temp-scripts/AmqCppGeneratorTask.java
 1ace307c0512341919c6db94ee988fe1714e5af3,activemq-cpp/temp-scripts/AmqCppHeadersGenerator.java
 1ace307c0512341919c6db94ee988fe1714e5af3,activemq-cpp/temp-scripts/AmqCppMakefileGenerator.java
 1ace307c0512341919c6db94ee988fe1714e5af3,activemq-cpp/temp-scripts/AmqCppMarshallingClassesGenerator.java
 1ace307c0512341919c6db94ee988fe1714e5af3,activemq-cpp/temp-scripts/AmqCppMarshallingHeadersGenerator.java
